Brand,Model,Operating System,Connectivity,Display Type,Display Size (inches),Resolution,Water Resistance (meters),Battery Life (days),Heart Rate Monitor,GPS,NFC,Price (USD),ActivityDate,TotalSteps,TotalDistance,TrackerDistance,LoggedActivitiesDistance,VeryActiveDistance,ModeratelyActiveDistance,LightActiveDistance,SedentaryActiveDistance,VeryActiveMinutes,FairlyActiveMinutes,LightlyActiveMinutes,SedentaryMinutes,Calories
Apple,Watch Series 7,watchOS,"Bluetooth, Wi-Fi, Cellular",Retina,1.9,396 x 484,50,18,Yes,Yes,Yes,$399 ,12-04-2016,13162,8.5,8.5,0,1.879999995,0.550000012,6.059999943,0,25,13,328,728,1985
Samsung,Galaxy Watch 4,Wear OS,"Bluetooth, Wi-Fi, Cellular",AMOLED,1.4,450 x 450,50,40,Yes,Yes,Yes,$249 ,4/13/2016,10735,6.96999979,6.96999979,0,1.570000052,0.689999998,4.710000038,0,21,19,217,776,1797
Garmin,Venu 2,Garmin OS,"Bluetooth, Wi-Fi",AMOLED,1.3,416 x 416,50,11,Yes,Yes,No,$399 ,4/14/2016,10460,6.739999771,6.739999771,0,2.440000057,0.400000006,3.910000086,0,30,11,181,1218,1776
Fitbit,Versa 3,Fitbit OS,"Bluetooth, Wi-Fi",AMOLED,1.58,336 x 336,50,6,Yes,Yes,Yes,$229 ,4/15/2016,9762,6.28000021,6.28000021,0,2.140000105,1.25999999,2.829999924,0,29,34,209,726,1745
Fossil,Gen 6,Wear OS,"Bluetooth, Wi-Fi",AMOLED,1.28,416 x 416,30,24,Yes,Yes,Yes,$299 ,4/16/2016,12669,8.159999847,8.159999847,0,2.710000038,0.409999996,5.039999962,0,36,10,221,773,1863
Huawei,Watch 3 Pro,HarmonyOS,"Bluetooth, Wi-Fi, Cellular",AMOLED,1.43,466 x 466,50,14,Yes,Yes,Yes,$499 ,4/17/2016,9705,6.480000019,6.480000019,0,3.190000057,0.779999971,2.50999999,0,38,20,164,539,1728
TicWatch,E3,Wear OS,"Bluetooth, Wi-Fi, Cellular",IPS LCD,1.3,360 x 360,50,2,Yes,Yes,Yes,$199 ,4/18/2016,13019,8.590000153,8.590000153,0,3.25,0.639999986,4.710000038,0,42,16,233,1149,1921
Oppo,Watch 2,ColorOS,"Bluetooth, Wi-Fi",AMOLED,1.75,372 x 430,50,4,Yes,Yes,Yes,$199 ,4/19/2016,15506,9.880000114,9.880000114,0,3.529999971,1.320000052,5.03000021,0,50,31,264,775,2035
Amazfit,GTR 3,Amazfit OS,"Bluetooth, Wi-Fi",AMOLED,1.39,454 x 454,50,12,Yes,Yes,Yes,$199 ,4/20/2016,10544,6.679999828,6.679999828,0,1.960000038,0.479999989,4.239999771,0,28,12,205,818,1786
Skagen,Jorn Hybrid HR,N/A,Bluetooth,N/A,N/A,N/A,30,14,Yes,No,No,$195 ,4/21/2016,9819,6.340000153,6.340000153,0,1.340000033,0.349999994,4.650000095,0,19,8,211,838,1775
Withings,ScanWatch,Withings OS,Bluetooth,AMOLED,1.65,240 x 240,50,30,Yes,Yes,Yes,$279 ,4/22/2016,12764,8.130000114,8.130000114,0,4.760000229,1.120000005,2.24000001,0,66,27,130,1217,1827
Timex,Metropolitan R,N/A,Bluetooth,AMOLED,1.2,390 x 390,30,3,Yes,No,No,$179 ,4/23/2016,14371,9.039999962,9.039999962,0,2.809999943,0.870000005,5.360000134,0,41,21,262,732,1949
Suunto,7,Wear OS,"Bluetooth, Wi-Fi",AMOLED,1.39,454 x 454,50,2,Yes,Yes,Yes,$499 ,4/24/2016,10039,6.409999847,6.409999847,0,2.920000076,0.209999993,3.279999971,0,39,5,238,709,1788
Mobvoi,TicWatch Pro 3 GPS,Wear OS,"Bluetooth, Wi-Fi",AMOLED,1.4,454 x 454,50,45,Yes,Yes,Yes,$299 ,4/25/2016,15355,9.800000191,9.800000191,0,5.289999962,0.569999993,3.940000057,0,73,14,216,814,2013
Polar,Ignite 2,Polar OS,"Bluetooth, Wi-Fi",TFT LCD,1.2,240 x 240,30,5,Yes,Yes,Yes,$229 ,4/26/2016,13755,8.789999962,8.789999962,0,2.329999924,0.920000017,5.539999962,0,31,23,279,833,1970
Fitbit,Sense,Fitbit OS,"Bluetooth, Wi-Fi",AMOLED,1.58,336 x 336,50,6,Yes,Yes,Yes,$299 ,4/27/2016,18134,12.21000004,12.21000004,0,6.400000095,0.409999996,5.409999847,0,78,11,243,1108,2159
Garmin,Forerunner 945 LTE,Garmin OS,"Bluetooth, Wi-Fi, Cellular",Memory-in-pixel (MIP),1.2,240 x 240,50,10,Yes,Yes,Yes,$649 ,4/28/2016,13154,8.529999733,8.529999733,0,3.539999962,1.159999967,3.789999962,0,48,28,189,782,1898
Apple,Watch SE,watchOS,"Bluetooth, Wi-Fi, Cellular",Retina,1.57,394 x 324,50,18,Yes,Yes,Yes,$279 ,4/29/2016,11181,7.150000095,7.150000095,0,1.059999943,0.5,5.579999924,0,16,12,243,815,1837
Samsung,Galaxy Watch 3,Tizen OS,"Bluetooth, Wi-Fi, Cellular",Super AMOLED,1.4,360 x 360,50,3,Yes,Yes,Yes,$349 ,4/30/2016,14673,9.25,9.25,0,3.559999943,1.419999957,4.269999981,0,52,34,217,712,1947
Garmin,Venu Sq Music,Garmin OS,"Bluetooth, Wi-Fi",LCD,1.3,240 x 240,50,6,Yes,Yes,Yes,$249 ,01-05-2016,10602,6.809999943,6.809999943,0,2.289999962,1.600000024,2.920000076,0,33,35,246,730,1820
Fitbit,Sense,Fitbit OS,"Bluetooth, Wi-Fi",AMOLED,1.58,336 x 336,50,6,Yes,Yes,Yes,$329 ,02-05-2016,14727,9.710000038,9.710000038,0,3.210000038,0.569999993,5.920000076,0,41,15,277,798,2004
Fossil,Collider,Hybrid OS,"Bluetooth, Wi-Fi",Analog,N/A,N/A,30,14,Yes,No,Yes,$195 ,03-05-2016,15103,9.659999847,9.659999847,0,3.730000019,1.049999952,4.880000114,0,50,24,254,816,1990
Huawei,Watch GT 2 Pro,Lite OS,"Bluetooth, Wi-Fi, Cellular",AMOLED,1.39,454 x 454,50,14,Yes,Yes,No,$299 ,04-05-2016,11100,7.150000095,7.150000095,0,2.460000038,0.870000005,3.819999933,0,36,22,203,1179,1819
Amazfit,GTR 2,Amazfit OS,"Bluetooth, Wi-Fi",AMOLED,1.39,454 x 454,50,14,Yes,Yes,Yes,$179 ,05-05-2016,14070,8.899999619,8.899999619,0,2.920000076,1.080000043,4.880000114,0,45,24,250,857,1959
TicWatch,Pro 3 GPS,Wear OS,"Bluetooth, Wi-Fi",AMOLED,1.4,454 x 454,50,3,Yes,Yes,Yes,$299 ,06-05-2016,12159,8.029999733,8.029999733,0,1.970000029,0.25,5.809999943,0,24,6,289,754,1896
Skagen,Falster 3,Wear OS,"Bluetooth, Wi-Fi",AMOLED,1.3,416 x 416,30,24,Yes,Yes,Yes,$295 ,07-05-2016,11992,7.710000038,7.710000038,0,2.460000038,2.119999886,3.130000114,0,37,46,175,833,1821
Mobvoi,TicWatch E3,Wear OS,"Bluetooth, Wi-Fi",LCD,1.3,360 x 360,30,3,Yes,Yes,Yes,$199 ,08-05-2016,10060,6.579999924,6.579999924,0,3.529999971,0.319999993,2.730000019,0,44,8,203,574,1740
Garmin,Lily,Garmin OS,"Bluetooth, Wi-Fi",LCD,1,240 x 201,50,5,Yes,Yes,Yes,$199 ,09-05-2016,12022,7.71999979,7.71999979,0,3.450000048,0.529999971,3.74000001,0,46,11,206,835,1819
Apple,Watch SE,watchOS,"Bluetooth, Wi-Fi, Cellular",Retina,1.78,368 x 448,50,18,Yes,Yes,Yes,$279 ,10-05-2016,12207,7.769999981,7.769999981,0,3.349999905,1.159999967,3.25999999,0,46,31,214,746,1859
Samsung,Galaxy Watch 3,Tizen,"Bluetooth, Wi-Fi, Cellular",AMOLED,1.4,360 x 360,50,4,Yes,Yes,Yes,$399 ,11-05-2016,12770,8.130000114,8.130000114,0,2.559999943,1.00999999,4.550000191,0,36,23,251,669,1783
Garmin,Forerunner 945,Garmin OS,"Bluetooth, Wi-Fi",Transflective,1.2,240 x 240,50,14,Yes,Yes,Yes,$599 ,12-05-2016,0,0,0,0,0,0,0,0,0,0,0,1440,0
Fitbit,Sense,Fitbit OS,"Bluetooth, Wi-Fi",AMOLED,1.58,336 x 336,50,6,Yes,Yes,Yes,$299 ,12-04-2016,8163,5.309999943,5.309999943,0,0,0,5.309999943,0,0,0,146,1294,1432
Fossil,Sport,Wear OS,"Bluetooth, Wi-Fi",AMOLED,1.2,390 x 390,50,24,Yes,Yes,Yes,$255 ,4/13/2016,7007,4.550000191,4.550000191,0,0,0,4.550000191,0,0,0,148,1292,1411
Huawei,Watch GT2 Pro,Lite OS,"Bluetooth, Wi-Fi",AMOLED,1.39,454 x 454,50,14,Yes,Yes,Yes,$299 ,4/14/2016,9107,5.920000076,5.920000076,0,0,0,5.909999847,0.01,0,0,236,1204,1572
Amazfit,GTR 2e,Amazfit OS,"Bluetooth, Wi-Fi",AMOLED,1.39,454 x 454,50,24,Yes,Yes,Yes,$139 ,4/15/2016,1510,0.980000019,0.980000019,0,0,0,0.970000029,0,0,0,96,1344,1344
Ticwatch,Pro 4G/LTE,Wear OS,"Bluetooth, Wi-Fi, Cellular",OLED,1.39,400 x 400,50,48,Yes,Yes,Yes,$299 ,4/16/2016,5370,3.49000001,3.49000001,0,0,0,3.49000001,0,0,0,176,1264,1463
Polar,Vantage V2,Polar OS,"Bluetooth, Wi-Fi",Gorilla Glass,1.2,240 x 240,100,7,Yes,Yes,Yes,$499 ,4/17/2016,6175,4.059999943,4.059999943,0,1.029999971,1.519999981,1.49000001,0.01,15,22,127,1276,1554
Xiaomi,Mi Watch,Wear OS,"Bluetooth, Wi-Fi",AMOLED,1.39,454 x 454,50,16,Yes,Yes,Yes,$179 ,4/18/2016,10536,7.409999847,7.409999847,0,2.150000095,0.620000005,4.619999886,0.01,17,7,202,1214,1604
Suunto,9 Peak,Suunto OS,"Bluetooth, Wi-Fi",Transflective,1.4,360 x 360,100,14,Yes,Yes,Yes,$499 ,4/19/2016,2916,1.899999976,1.899999976,0,0,0,1.899999976,0,0,0,141,1299,1435
Apple,Watch SE,watchOS,"Bluetooth, Wi-Fi, Cellular",Retina,1.57,324 x 394,50,18,Yes,Yes,Yes,$279 ,4/20/2016,4974,3.230000019,3.230000019,0,0,0,3.230000019,0,0,0,151,1289,1446
Samsung,Galaxy Watch Active 2,Tizen OS,"Bluetooth, Wi-Fi",Super AMOLED,1.4,360 x 360,50,2,Yes,Yes,Yes,$249 ,4/21/2016,6349,4.130000114,4.130000114,0,0,0,4.110000134,0.02,0,0,186,1254,1467
Garmin,Forerunner 945,Garmin OS,"Bluetooth, Wi-Fi",Transflective,1.2,240 x 240,50,14,Yes,Yes,Yes,$599 ,4/22/2016,4026,2.619999886,2.619999886,0,0,0,2.599999905,0,0,0,199,1241,1470
Fitbit,Sense,Fitbit OS,"Bluetooth, Wi-Fi",AMOLED,1.58,336 x 336,50,6,Yes,Yes,Yes,$329 ,4/23/2016,8538,5.550000191,5.550000191,0,0,0,5.539999962,0.01,0,0,227,1213,1562
Fossil,Sport,Wear OS,"Bluetooth, Wi-Fi",AMOLED,1.2,390 x 390,50,24,Yes,Yes,Yes,$149 ,4/24/2016,6076,3.950000048,3.950000048,0,1.149999976,0.910000026,1.889999986,0,16,18,185,1221,1617
Huawei,Watch GT2 Pro,HarmonyOS,"Bluetooth, Wi-Fi, Cellular",AMOLED,1.39,454 x 454,50,14,Yes,Yes,No,$299 ,4/25/2016,6497,4.21999979,4.21999979,0,0,0,4.199999809,0.02,0,0,202,1238,1492
TicWatch,Pro 4G/LTE,Wear OS,"Bluetooth, Wi-Fi, Cellular",AMOLED,1.4,400 x 400,50,2,Yes,Yes,Yes,$299 ,4/26/2016,2826,1.840000033,1.840000033,0,0,0,1.830000043,0.01,0,0,140,1300,1402
Suunto,7,Wear OS,"Bluetooth, Wi-Fi",AMOLED,1.39,454 x 454,50,2,Yes,Yes,Yes,$479 ,4/27/2016,8367,5.440000057,5.440000057,0,1.110000014,1.870000005,2.460000038,0,17,36,154,1233,1670
Amazfit,GTR 2e,Amazfit OS,"Bluetooth, Wi-Fi",AMOLED,1.39,454 x 454,50,14,Yes,No,Yes,$139 ,4/28/2016,2759,1.789999962,1.789999962,0,0,0.200000003,1.600000024,0,0,5,115,1320,1401
Polar,Vantage M,Polar OS,"Bluetooth, Wi-Fi",TFT LCD,1.2,240 x 240,50,30,Yes,Yes,No,$279 ,4/29/2016,2390,1.549999952,1.549999952,0,0,0,1.549999952,0,0,0,150,1290,1404
Xiaomi,Mi Watch Lite,Proprietary OS,"Bluetooth, Wi-Fi",TFT LCD,1.4,320 x 320,50,9,Yes,Yes,Yes,$59 ,4/30/2016,6474,4.300000191,4.300000191,0,0.899999976,1.279999971,2.119999886,0.01,11,23,224,1182,1655
Samsung,Galaxy Watch 3,Tizen,"Bluetooth, Wi-Fi, Cellular",Super AMOLED,1.4,360 x 360,50,3,Yes,Yes,Yes,$399 ,01-05-2016,36019,28.03000069,28.03000069,0,21.92000008,4.190000057,1.909999967,0.02,186,63,171,1020,2690
Garmin,Forerunner 945,Garmin OS,"Bluetooth, Wi-Fi",MIP,1.2,240 x 240,50,14,Yes,Yes,Yes,$599 ,02-05-2016,7155,4.929999828,4.929999828,0,0.860000014,0.589999974,3.470000029,0,7,6,166,1261,1497
Fitbit,Sense,Fitbit OS,"Bluetooth, Wi-Fi",AMOLED,1.58,336 x 336,50,6,Yes,Yes,Yes,$329 ,03-05-2016,2100,1.370000005,1.370000005,0,0,0,1.340000033,0.02,0,0,96,1344,1334
Fossil,Sport,Wear OS,"Bluetooth, Wi-Fi",AMOLED,1.2,390 x 390,50,24,Yes,Yes,Yes,$219 ,04-05-2016,2193,1.429999948,1.429999948,0,0,0,1.419999957,0,0,0,118,1322,1368
Huawei,Watch GT 2 Pro,Lite OS,"Bluetooth, Wi-Fi",AMOLED,1.39,454 x 454,50,14,Yes,Yes,No,$299 ,05-05-2016,2470,1.610000014,1.610000014,0,0,0,1.580000043,0.02,0,0,117,1323,1370
Xiaomi,Mi Watch Revolve,Proprietary,"Bluetooth, Wi-Fi",AMOLED,1.39,454 x 454,50,14,Yes,Yes,No,$149 ,06-05-2016,1727,1.120000005,1.120000005,0,0,0,1.120000005,0.01,0,0,102,1338,1341
TicWatch,Pro 3 GPS,Wear OS,"Bluetooth, Wi-Fi",AMOLED,1.4,454 x 454,50,3,Yes,Yes,Yes,$299 ,07-05-2016,2104,1.370000005,1.370000005,0,0,0,1.370000005,0,0,0,182,1258,1474
Amazfit,GTR 2e,Proprietary,"Bluetooth, Wi-Fi",AMOLED,1.65,348 x 442,50,45,Yes,Yes,No,$139 ,08-05-2016,3427,2.230000019,2.230000019,0,0,0,2.220000029,0,0,0,152,1288,1427
Honor,MagicWatch 2,Lite OS,"Bluetooth, Wi-Fi",AMOLED,1.39,454 x 454,50,14,Yes,Yes,No,$139 ,09-05-2016,1732,1.129999995,1.129999995,0,0,0,1.129999995,0,0,0,91,1349,1328
Suunto,9 Baro,Suunto OS,"Bluetooth, Wi-Fi",MIP,1.2,240 x 240,100,14,Yes,Yes,No,$599 ,10-05-2016,2969,1.929999948,1.929999948,0,0,0,1.919999957,0.01,0,0,139,1301,1393
Samsung,Galaxy Watch Active2,Tizen,"Bluetooth, Wi-Fi, Cellular",Super AMOLED,1.4,360 x 360,50,2,Yes,Yes,Yes,$249 ,11-05-2016,3134,2.039999962,2.039999962,0,0,0,2.039999962,0,0,0,112,1328,1359
Garmin,Forerunner 945,Garmin OS,"Bluetooth, Wi-Fi",Transflective,1.2,240 x 240,50,2,Yes,Yes,Yes,$599 ,12-05-2016,2971,1.929999948,1.929999948,0,0,0,1.919999957,0.01,0,0,107,890,1002
Fitbit,Sense,Fitbit OS,"Bluetooth, Wi-Fi",AMOLED,1.58,336 x 336,50,6,Yes,Yes,Yes,$299 ,12-04-2016,10694,7.769999981,7.769999981,0,0.140000001,2.299999952,5.329999924,0,2,51,256,1131,3199
Fossil,Sport,Wear OS,"Bluetooth, Wi-Fi",AMOLED,1.2,390 x 390,50,2,Yes,Yes,Yes,$275 ,4/13/2016,8001,5.820000172,5.820000172,0,2.279999971,0.899999976,2.640000105,0,30,16,135,1259,2902
Huawei,Watch GT 2 Pro,Lite OS,"Bluetooth, Wi-Fi, Cellular",AMOLED,1.39,454 x 454,50,14,Yes,Yes,Yes,$329 ,4/14/2016,11037,8.020000458,8.020000458,0,0.360000014,2.559999943,5.099999905,0,5,58,252,1125,3226
Xiaomi,Mi Watch Revolve,Proprietary OS,"Bluetooth, Wi-Fi",AMOLED,1.39,454 x 454,50,14,Yes,Yes,No,$129 ,4/15/2016,5263,3.829999924,3.829999924,0,0.219999999,0.150000006,3.450000048,0,3,4,170,1263,2750
Amazfit,GTR 2e,Amazfit OS,"Bluetooth, Wi-Fi",AMOLED,1.39,454 x 454,50,14,Yes,Yes,Yes,$139 ,4/16/2016,15300,11.11999989,11.11999989,0,4.099999905,1.879999995,5.090000153,0,51,42,212,1135,3493
TicWatch,Pro 3,Wear OS,"Bluetooth, Wi-Fi",AMOLED,1.4,454 x 454,50,3,Yes,Yes,Yes,$299 ,4/17/2016,8757,6.369999886,6.369999886,0,2.25,0.569999993,3.549999952,0,29,13,186,1212,3011
Oppo,Watch 2,Wear OS,"Bluetooth, Wi-Fi, Cellular",AMOLED,1.91,402 x 476,50,16,Yes,Yes,Yes,$299 ,4/18/2016,7132,5.190000057,5.190000057,0,1.070000052,1.669999957,2.450000048,0,15,33,121,1271,2806
Polar,Vantage M2,Polar OS,"Bluetooth, Wi-Fi",Transflective,1.2,240 x 240,100,5,Yes,Yes,No,$299 ,4/19/2016,11256,8.180000305,8.180000305,0,0.360000014,2.529999971,5.300000191,0,5,58,278,1099,3300
Xiaomi,Mi Watch Revolve,Proprietary,"Bluetooth, Wi-Fi",AMOLED,1.39,454 x 454,50,14,Yes,Yes,Yes,$119 ,4/20/2016,2436,1.769999981,1.769999981,0,0,0,1.75999999,0.01,0,0,125,1315,2430
TicWatch,Pro 3,Wear OS,"Bluetooth, Wi-Fi, Cellular",AMOLED,1.4,454 x 454,50,45,Yes,Yes,Yes,$299 ,4/21/2016,1223,0.889999986,0.889999986,0,0,0,0.879999995,0.01,0,0,38,1402,2140
Oppo,Watch 2,Wear OS,"Bluetooth, Wi-Fi, Cellular",AMOLED,1.75,372 x 430,50,16,Yes,Yes,Yes,$329 ,4/22/2016,3673,2.670000076,2.670000076,0,0,0,2.660000086,0.01,0,0,86,1354,2344
Honor,Watch GS Pro,LiteOS,"Bluetooth, Wi-Fi, Cellular",AMOLED,1.39,454 x 454,50,25,Yes,Yes,No,$249 ,4/23/2016,6637,4.829999924,4.829999924,0,0,0.579999983,4.25,0,0,15,160,1265,2677
Suunto,7,Wear OS,"Bluetooth, Wi-Fi, Cellular",AMOLED,1.39,454 x 454,50,2,Yes,Yes,Yes,$499 ,4/24/2016,3321,2.410000086,2.410000086,0,0,0,2.410000086,0,0,0,89,1351,2413
LG,Watch Urbane 2nd Ed.,Android Wear,"Bluetooth, Wi-Fi, Cellular",P-OLED,1.38,480 x 480,1.5,2,Yes,Yes,Yes,$399 ,4/25/2016,3580,2.599999905,2.599999905,0,0.589999974,0.059999999,1.950000048,0,8,1,94,1337,2497
Skagen,Falster 3,Wear OS,"Bluetooth, Wi-Fi",AMOLED,1.3,416 x 416,30,24,Yes,Yes,Yes,$295 ,4/26/2016,9919,7.210000038,7.210000038,0,0.800000012,1.720000029,4.690000057,0,11,41,223,1165,3123
Mobvoi,TicWatch E3,Wear OS,"Bluetooth, Wi-Fi, Cellular",IPS LCD,1.3,360 x 360,1.5,3,Yes,Yes,No,$199 ,4/27/2016,3032,2.200000048,2.200000048,0,0,0,2.200000048,0,0,0,118,1322,2489
Polar,Vantage V2,Proprietary,"Bluetooth, Wi-Fi",transflective,1.2,240 x 240,100,7,Yes,Yes,No,$499 ,4/28/2016,9405,6.840000153,6.840000153,0,0.200000003,2.319999933,4.309999943,0,3,53,227,1157,3108
Withings,ScanWatch,Proprietary,"Bluetooth, Wi-Fi",PMOLED,1.65,240 x 240,50,30,Yes,Yes,No,$279 ,4/29/2016,3176,2.309999943,2.309999943,0,0,0,2.309999943,0,0,0,120,1193,2498
Garmin,Forerunner 945,Garmin OS,"Bluetooth, Wi-Fi",transflective,1.2,240 x 240,50,2,Yes,Yes,Yes,$599 ,4/30/2016,18213,13.23999977,13.23999977,0,0.629999995,3.140000105,9.460000038,0,9,71,402,816,3846
Garmin,Venu Sq,Garmin OS,"Bluetooth, Wi-Fi",LCD,1.3,240 x 240,50,6,Yes,Yes,Yes,$199 ,01-05-2016,6132,4.460000038,4.460000038,0,0.239999995,0.99000001,3.230000019,0,3,24,146,908,2696
Fitbit,Sense,Fitbit OS,"Bluetooth, Wi-Fi",AMOLED,1.58,336 x 336,50,6,Yes,Yes,Yes,$329 ,02-05-2016,3758,2.730000019,2.730000019,0,0.07,0.310000002,2.349999905,0,1,7,148,682,2580
Fossil,Sport,Wear OS,"Bluetooth, Wi-Fi",AMOLED,1.2,390 x 390,30,24,Yes,Yes,Yes,$249 ,03-05-2016,12850,9.340000153,9.340000153,0,0.720000029,4.090000153,4.539999962,0,10,94,221,1115,3324
Huawei,Watch GT 2 Pro,Lite OS,"Bluetooth, Wi-Fi",AMOLED,1.39,454 x 454,50,14,Yes,Yes,Yes,$299 ,04-05-2016,2309,1.679999948,1.679999948,0,0,0,1.659999967,0.02,0,0,52,1388,2222
Amazfit,GTS 2e,Amazfit OS,"Bluetooth, Wi-Fi",AMOLED,1.65,348 x 442,50,14,Yes,Yes,Yes,$139 ,05-05-2016,4363,3.190000057,3.190000057,0,0.519999981,0.540000021,2.130000114,0.01,6,12,81,1341,2463
TicWatch,Pro 3,Wear OS,"Bluetooth, Wi-Fi",AMOLED,1.4,454 x 454,30,72,Yes,Yes,Yes,$299 ,06-05-2016,9787,7.119999886,7.119999886,0,0.819999993,0.270000011,6.010000229,0.02,11,6,369,1054,3328
Xiaomi,Mi Watch,MIUI for Watch,"Bluetooth, Wi-Fi, Cellular",AMOLED,1.39,454 x 454,50,16,Yes,Yes,Yes,$199 ,07-05-2016,13372,9.720000267,9.720000267,0,3.25999999,0.790000021,5.670000076,0.01,41,17,243,1139,3404
Oppo,Watch 2,ColorOS,"Bluetooth, Wi-Fi",AMOLED,1.75,372 x 430,50,16,Yes,Yes,Yes,$249 ,08-05-2016,6724,4.889999866,4.889999866,0,0,0,4.880000114,0,0,0,295,991,2987
Honor,Watch GS Pro,Lite OS,"Bluetooth, Wi-Fi",AMOLED,1.39,454 x 454,50,25,Yes,Yes,Yes,$249 ,09-05-2016,6643,4.829999924,4.829999924,0,2.390000105,0.349999994,2.089999914,0.01,32,6,303,1099,3008
Samsung,Galaxy Watch 3,Tizen OS,"Bluetooth, Wi-Fi, Cellular",Super AMOLED,1.4,360 x 360,50,3,Yes,Yes,Yes,$349 ,10-05-2016,9167,6.659999847,6.659999847,0,0.879999995,0.810000002,4.96999979,0.01,12,19,155,1254,2799
Garmin,Forerunner 945,Garmin OS,"Bluetooth, Wi-Fi",Transflective,1.2,240 x 240,50,14,Yes,Yes,Yes,$599 ,11-05-2016,1329,0.970000029,0.970000029,0,0,0,0.949999988,0.01,0,0,49,713,1276
Suunto,7,Wear OS,"Bluetooth, Wi-Fi",AMOLED,1.39,454 x 454,50,2,Yes,Yes,Yes,$399 ,12-04-2016,6697,4.429999828,4.429999828,0,0,0,4.429999828,0,0,0,339,1101,2030
Apple,Watch SE,watchOS,"Bluetooth, Wi-Fi, Cellular",Retina,1.78,368 x 448,50,18,Yes,Yes,Yes,$279 ,4/13/2016,4929,3.25999999,3.25999999,0,0,0,3.25999999,0,0,0,248,1192,1860
Fitbit,Sense,Fitbit OS,"Bluetooth, Wi-Fi",AMOLED,1.58,336 x 336,50,6,Yes,Yes,Yes,$299 ,4/14/2016,7937,5.25,5.25,0,0,0,5.230000019,0,0,0,373,843,2130
Mobvoi,TicWatch Pro 3,Wear OS,"Bluetooth, Wi-Fi",AMOLED,1.4,454 x 454,50,3,Yes,Yes,Yes,$299 ,4/15/2016,3844,2.539999962,2.539999962,0,0,0,2.539999962,0,0,0,176,527,1725
Polar,Vantage V2,Polar OS,"Bluetooth, Wi-Fi",Transflective,1.2,240 x 240,100,7,Yes,Yes,Yes,$499 ,4/16/2016,3414,2.25999999,2.25999999,0,0,0,2.25999999,0,0,0,147,1293,1657
Samsung,Galaxy Watch Active 2,Tizen OS,"Bluetooth, Wi-Fi, Cellular",Super AMOLED,1.4,360 x 360,50,2,Yes,Yes,Yes,$249 ,4/17/2016,4525,2.99000001,2.99000001,0,0.140000001,0.25999999,2.589999914,0,2,8,199,1231,1793
Garmin,Lily,Garmin OS,"Bluetooth, Wi-Fi",TFT,1.3,240 x 240,50,5,Yes,Yes,No,$199 ,4/18/2016,4597,3.039999962,3.039999962,0,0,0.479999989,2.559999943,0,0,12,217,1211,1814
Amazfit,GTR 2e,Amazfit OS,"Bluetooth, Wi-Fi",AMOLED,1.39,454 x 454,50,14,Yes,Yes,No,$139 ,4/19/2016,197,0.129999995,0.129999995,0,0,0,0.129999995,0,0,0,10,1430,1366
Fossil,Sport,Wear OS,"Bluetooth, Wi-Fi",AMOLED,1.2,390 x 390,50,24,Yes,Yes,Yes,$199 ,4/20/2016,8,0.01,0.01,0,0,0,0.01,0,0,0,1,1439,1349
Apple,Watch SE,watchOS,"Bluetooth, Wi-Fi, Cellular",Retina,1.57,324 x 394,50,18,Yes,Yes,Yes,$279 ,4/21/2016,8054,5.320000172,5.320000172,0,0.119999997,0.519999981,4.679999828,0,2,13,308,1117,2062
Samsung,Galaxy Watch Active2,Tizen,"Bluetooth, Wi-Fi",Super AMOLED,1.4,360 x 360,50,3,Yes,Yes,Yes,$199 ,4/22/2016,5372,3.549999952,3.549999952,0,0,0,3.549999952,0,0,0,220,1220,1827
Garmin,Forerunner 945,Garmin OS,"Bluetooth, Wi-Fi","Sunlight-visible, transflective memory-in-pixel (MIP)",1.2,240 x 240,50,14,Yes,Yes,Yes,$599 ,4/23/2016,3570,2.359999895,2.359999895,0,0,0,2.359999895,0,0,0,139,1301,1645
Fitbit,Sense,Fitbit OS,"Bluetooth, Wi-Fi",AMOLED,1.58,336 x 336,50,6,Yes,Yes,Yes,$299 ,4/24/2016,0,0,0,0,0,0,0,0,0,0,0,1440,1347
Huawei,Watch GT 2 Pro,LiteOS,"Bluetooth, Wi-Fi",AMOLED,1.39,454 x 454,50,14,Yes,Yes,No,$299 ,4/25/2016,0,0,0,0,0,0,0,0,0,0,0,1440,1347
Amazfit,GTR 2,Amazfit OS,"Bluetooth, Wi-Fi",AMOLED,1.39,454 x 454,50,14,Yes,Yes,No,$179 ,4/26/2016,0,0,0,0,0,0,0,0,0,0,0,1440,1347
Ticwatch,Pro 4G/LTE,Wear OS,"Bluetooth, Wi-Fi, Cellular",AMOLED,1.4,400 x 400,50,2,Yes,Yes,Yes,$299 ,4/27/2016,4,0,0,0,0,0,0,0,0,0,1,1439,1348
Suunto,7,Wear OS,"Bluetooth, Wi-Fi",AMOLED,1.39,454 x 454,50,2,Yes,Yes,No,$499 ,4/28/2016,6907,4.570000172,4.570000172,0,0,0,4.559999943,0,0,0,302,1138,1992
Fossil,Hybrid HR,Custom OS,"Bluetooth, Wi-Fi",E-Ink,1.06,176 x 176,30,14,Yes,No,No,$199 ,4/29/2016,4920,3.25,3.25,0,0,0,3.25,0,0,0,247,1082,1856
Polar,Vantage M2,Polar OS,"Bluetooth, Wi-Fi",LCD,1.2,240 x 240,100,5,Yes,Yes,No,$299 ,4/30/2016,4014,2.670000076,2.670000076,0,0,0,2.650000095,0,0,0,184,218,1763
Apple,Watch SE,watchOS,"Bluetooth, Wi-Fi, Cellular",Retina,1.78,368 x 448,50,18,Yes,Yes,Yes,$279 ,01-05-2016,2573,1.700000048,1.700000048,0,0,0.25999999,1.450000048,0,0,7,75,585,1541
Samsung,Galaxy Watch Active2,Tizen OS,"Bluetooth, Wi-Fi, Cellular",Super AMOLED,1.35,360 x 360,50,60,Yes,Yes,Yes,$249 ,02-05-2016,0,0,0,0,0,0,0,0,0,0,0,1440,1348
Garmin,Forerunner 945,Garmin OS,"Bluetooth, Wi-Fi","Sunlight-visible, transflective memory-in-pixel (MIP)",1.2,240 x 240,50,14,Yes,Yes,Yes,$599 ,03-05-2016,4059,2.680000067,2.680000067,0,0,0,2.680000067,0,0,0,184,1256,1742
Fitbit,Sense,Fitbit OS,"Bluetooth, Wi-Fi",AMOLED,1.58,336 x 336,50,6,Yes,Yes,Yes,$299 ,04-05-2016,2080,1.370000005,1.370000005,0,0,0,1.370000005,0,0,0,87,1353,1549
Fossil,Sport,Wear OS,"Bluetooth, Wi-Fi",AMOLED,1.2,390 x 390,50,24,Yes,Yes,Yes,$219 ,05-05-2016,2237,1.480000019,1.480000019,0,0,0,1.480000019,0,0,0,120,1320,1589
Huawei,Watch GT 2 Pro,LiteOS,"Bluetooth, Wi-Fi, GPS",AMOLED,1.39,454 x 454,50,14,Yes,Yes,No,$299 ,06-05-2016,44,0.029999999,0.029999999,0,0,0,0.029999999,0,0,0,2,1438,1351
Apple,Watch Series 6,watchOS,"Bluetooth, Wi-Fi, Cellular",Retina,1.78,368 x 448,50,18,Yes,Yes,Yes,$399 ,07-05-2016,0,0,0,0,0,0,0,0,0,0,0,1440,1347
Samsung,Galaxy Watch 3,Tizen OS,"Bluetooth, Wi-Fi, Cellular",Super AMOLED,1.4,360 x 360,50,56,Yes,Yes,Yes,$399 ,08-05-2016,0,0,0,0,0,0,0,0,0,0,0,1440,1347
Garmin,Venu Sq,Garmin OS,"Bluetooth, Wi-Fi",LCD,1.3,240 x 240,50,6,Yes,Yes,Yes,$199 ,09-05-2016,0,0,0,0,0,0,0,0,0,0,0,1440,1347
Fitbit,Versa Lite Edition,Fitbit OS,"Bluetooth, Wi-Fi",LCD,1.34,300 x 300,50,4,Yes,No,No,$159 ,10-05-2016,0,0,0,0,0,0,0,0,0,0,0,1440,1347
Fossil,Hybrid HR,Custom OS,"Bluetooth, Wi-Fi",E-Ink,1.06,176 x 176,30,14,Yes,No,Yes,$199 ,11-05-2016,0,0,0,0,0,0,0,0,0,0,0,1440,1347
,,,,,,,,,,,,,12-05-2016,0,0,0,0,0,0,0,0,0,0,0,711,665
Apple,Watch SE,watchOS,"Bluetooth, Wi-Fi, GPS",Retina,1.78,324 x 394,50,18,Yes,Yes,Yes,$279 ,12-04-2016,678,0.469999999,0.469999999,0,0,0,0.469999999,0,0,0,55,734,2220
Samsung,Galaxy Watch Active 2,Tizen OS,"Bluetooth, Wi-Fi, GPS",Super AMOLED,1.2,360 x 360,50,2,Yes,Yes,Yes,$199 ,4/13/2016,356,0.25,0.25,0,0,0,0.25,0,0,0,32,986,2151
Garmin,Forerunner 945,Garmin OS,"Bluetooth, Wi-Fi, GPS",Transflective,1.2,240 x 240,50,14,Yes,Yes,Yes,$599 ,4/14/2016,2163,1.5,1.5,0,0,0.400000006,1.100000024,0,0,9,88,1292,2383
Fitbit,Sense,Fitbit OS,"Bluetooth, Wi-Fi, GPS",AMOLED,1.58,336 x 336,50,6,Yes,Yes,Yes,$329 ,4/15/2016,980,0.680000007,0.680000007,0,0,0,0.680000007,0,0,0,51,941,2221
Fossil,Hybrid HR,Fossil OS,Bluetooth,E-ink,1.06,200 x 200,30,14,Yes,No,No,$199 ,4/16/2016,0,0,0,0,0,0,0,0,0,0,0,1440,2064
Huawei,Watch GT 2 Pro,Lite OS,"Bluetooth, Wi-Fi, GPS",AMOLED,1.39,454 x 454,50,14,Yes,Yes,No,$299 ,4/17/2016,0,0,0,0,0,0,0,0,0,0,0,1440,2063
Apple,Watch Series 6,watchOS,"Bluetooth, Wi-Fi, GPS",Retina,1.78,368 x 448,50,18,Yes,Yes,Yes,$399 ,4/18/2016,244,0.170000002,0.170000002,0,0,0,0.170000002,0,0,0,17,1423,2111
Samsung,Galaxy Watch 3,Tizen OS,"Bluetooth, Wi-Fi, GPS",Super AMOLED,1.4,360 x 360,50,2,Yes,Yes,Yes,$399 ,4/19/2016,0,0,0,0,0,0,0,0,0,0,0,1440,2063
Garmin,Enduro,Garmin OS,"Bluetooth, Wi-Fi, GPS",Sunlight-visible,1.4,280 x 280,100,70,Yes,Yes,Yes,$799 ,4/20/2016,0,0,0,0,0,0,0,0,0,0,0,1440,2063
Fitbit,Versa 2,Fitbit OS,"Bluetooth, Wi-Fi, NFC",AMOLED,1.39,300 x 300,50,5,Yes,Yes,Yes,$199 ,4/21/2016,0,0,0,0,0,0,0,0,0,0,0,1440,2064
Fossil,Sport,Wear OS,"Bluetooth, Wi-Fi, GPS",AMOLED,1.2,390 x 390,50,2,Yes,Yes,Yes,$219 ,4/22/2016,149,0.100000001,0.100000001,0,0,0,0.100000001,0,0,0,10,1430,2093
Garmin,Forerunner 945,Garmin OS,"Bluetooth, Wi-Fi","Sunlight-visible, transflective memory-in-pixel (MIP)",1.2,240 x 240,50,2,Yes,Yes,Yes,$599 ,4/23/2016,2945,2.039999962,2.039999962,0,0,0,2.039999962,0,0,0,145,1295,2499
Fitbit,Sense,Fitbit OS,"Bluetooth, Wi-Fi",AMOLED,1.58,336 x 336,50,6,Yes,Yes,Yes,$299 ,4/24/2016,2090,1.450000048,1.450000048,0,0.07,0.239999995,1.139999986,0,1,6,75,1358,2324
Fossil,Collider HR,Fossil OS,"Bluetooth, Wi-Fi",OLED,0.9,128 x 128,30,14,Yes,Yes,Yes,$195 ,4/25/2016,152,0.109999999,0.109999999,0,0,0,0.109999999,0,0,0,12,1303,2100
Huawei,Watch GT 2 Pro,LiteOS,"Bluetooth, Wi-Fi",AMOLED,1.39,454 x 454,50,14,Yes,Yes,Yes,$299 ,4/26/2016,3761,2.599999905,2.599999905,0,0,0,2.599999905,0,0,0,192,1058,2638
TicWatch,Pro 3,Wear OS,"Bluetooth, Wi-Fi",AMOLED,1.4,454 x 454,50,3,Yes,Yes,Yes,$299 ,4/27/2016,0,0,0,0,0,0,0,0,0,0,0,1440,2063
Polar,Vantage V2,Polar OS,"Bluetooth, Wi-Fi",Color Touch,1.2,240 x 240,100,7,Yes,Yes,No,$499 ,4/28/2016,1675,1.159999967,1.159999967,0,0,0,1.159999967,0,0,0,95,1167,2351
Amazfit,GTR 2,Amazfit OS,"Bluetooth, Wi-Fi",AMOLED,1.39,454 x 454,50,14,Yes,Yes,Yes,$179 ,4/29/2016,0,0,0,0,0,0,0,0,0,0,0,1440,2063
Suunto,7,Wear OS,"Bluetooth, Wi-Fi",AMOLED,1.39,454 x 454,50,2,Yes,Yes,Yes,$499 ,4/30/2016,0,0,0,0,0,0,0,0,0,0,0,1440,2064
Skagen,Falster 3,Wear OS,"Bluetooth, Wi-Fi",AMOLED,1.3,416 x 416,30,24,Yes,Yes,Yes,$295 ,01-05-2016,2704,1.870000005,1.870000005,0,1.00999999,0.029999999,0.829999983,0,14,1,70,1355,2411
Samsung,Galaxy Watch Active2,Tizen OS,"Bluetooth, Wi-Fi, Cellular",Super AMOLED,1.4,360 x 360,50,3,Yes,Yes,Yes,$249 ,02-05-2016,3790,2.619999886,2.619999886,0,1.159999967,0.300000012,1.159999967,0,16,8,94,1322,2505
Garmin,Forerunner 945,Garmin OS,"Bluetooth, Wi-Fi",Transflective,1.2,240 x 240,50,14,Yes,Yes,Yes,$599 ,03-05-2016,1326,0.920000017,0.920000017,0,0.730000019,0,0.180000007,0,10,0,17,1413,2195
Fitbit,Sense,Fitbit OS,"Bluetooth, Wi-Fi",AMOLED,1.58,336 x 336,50,6,Yes,Yes,Yes,$329 ,04-05-2016,1786,1.24000001,1.24000001,0,0,0,1.24000001,0,0,0,87,1353,2338
Fossil,Sport,Wear OS,"Bluetooth, Wi-Fi",AMOLED,1.2,390 x 390,50,24,Yes,Yes,Yes,$199 ,05-05-2016,0,0,0,0,0,0,0,0,0,0,0,1440,2063
Huawei,Watch GT 2 Pro,HarmonyOS,"Bluetooth, Wi-Fi",AMOLED,1.39,454 x 454,50,14,Yes,Yes,No,$299 ,06-05-2016,2091,1.450000048,1.450000048,0,0,0,1.450000048,0,0,0,108,1332,2383
Apple,Watch Series 6,watchOS,"Bluetooth, Wi-Fi, Cellular",Retina,1.78,368 x 448,50,18,Yes,Yes,Yes,$399 ,07-05-2016,1510,1.039999962,1.039999962,0,0,0,1.039999962,0,0,0,48,1392,2229
Samsung,Galaxy Watch3,Tizen OS,"Bluetooth, Wi-Fi, Cellular",Super AMOLED,1.4,360 x 360,50,4,Yes,Yes,Yes,$399 ,08-05-2016,0,0,0,0,0,0,0,0,0,0,0,1440,2063
Garmin,Fenix 6 Pro Solar,Garmin OS,"Bluetooth, Wi-Fi",Transflective,1.4,280 x 280,100,14,Yes,Yes,Yes,$849 ,09-05-2016,0,0,0,0,0,0,0,0,0,0,0,1440,2063
Fitbit,Versa 2,Fitbit OS,"Bluetooth, Wi-Fi",AMOLED,1.39,300 x 300,50,5,Yes,No,Yes,$179 ,10-05-2016,0,0,0,0,0,0,0,0,0,0,0,1440,2063
Fossil,Hybrid HR,Custom OS,Bluetooth,E-Ink,1.06,240 x 198,30,14,Yes,No,No,$199 ,11-05-2016,0,0,0,0,0,0,0,0,0,0,0,1440,2063
Fitbit,Sense,Fitbit OS,"Bluetooth, Wi-Fi",AMOLED,1.58,336 x 336,50,6,Yes,Yes,Yes,$299 ,12-05-2016,0,0,0,0,0,0,0,0,0,0,0,966,1383
Fossil,Sport,Wear OS,"Bluetooth, Wi-Fi",AMOLED,1.2,390 x 390,50,24,Yes,Yes,Yes,$189 ,12-04-2016,11875,8.340000153,8.340000153,0,3.309999943,0.769999981,4.260000229,0,42,14,227,1157,2390
Huawei,Watch GT 2 Pro,Lite OS,"Bluetooth, Wi-Fi",AMOLED,1.39,454 x 454,50,14,Yes,Yes,Yes,$299 ,4/13/2016,12024,8.5,8.5,0,2.99000001,0.100000001,5.409999847,0,43,5,292,1100,2601
Apple,Watch Series 6,watchOS,"Bluetooth, Wi-Fi, Cellular",Retina,1.78,368 x 448,50,18,Yes,Yes,Yes,$399 ,4/14/2016,10690,7.5,7.5,0,2.480000019,0.209999993,4.820000172,0,32,3,257,1148,2312
Samsung,Galaxy Watch 3,Tizen OS,"Bluetooth, Wi-Fi, Cellular",Super AMOLED,1.2,360 x 360,50,4,Yes,Yes,Yes,$399 ,4/15/2016,11034,8.029999733,8.029999733,0,1.940000057,0.310000002,5.78000021,0,27,9,282,1122,2525
Garmin,Venu Sq,Garmin OS,"Bluetooth, Wi-Fi",LCD,1.3,240 x 240,50,6,Yes,Yes,Yes,$179 ,4/16/2016,10100,7.090000153,7.090000153,0,3.150000095,0.550000012,3.390000105,0,41,11,151,1237,2177
Fitbit,Charge 5,Fitbit OS,Bluetooth,AMOLED,1.04,240 x 240,50,7,Yes,No,Yes,$179 ,4/17/2016,15112,11.39999962,11.39999962,0,3.869999886,0.660000026,6.880000114,0,28,29,331,1052,2782
Fossil,Gen 5 Carlyle,Wear OS,"Bluetooth, Wi-Fi",AMOLED,1.28,416 x 416,30,24,Yes,Yes,Yes,$295 ,4/18/2016,14131,10.06999969,10.06999969,0,3.640000105,0.119999997,6.300000191,0,48,3,311,1078,2770
Xiaomi,Mi Watch,MIUI,"Bluetooth, Wi-Fi, Cellular",AMOLED,1.39,454 x 454,50,16,Yes,Yes,Yes,$139 ,4/19/2016,11548,8.529999733,8.529999733,0,3.289999962,0.239999995,5,0,31,7,250,1152,2489
TicWatch,Pro 3,Wear OS,"Bluetooth, Wi-Fi",AMOLED,1.4,454 x 454,50,45,Yes,Yes,Yes,$299 ,4/20/2016,15112,10.67000008,10.67000008,0,3.339999914,1.929999948,5.400000095,0,48,63,276,1053,2897
Honor,Magic Watch 2,Lite OS,"Bluetooth, Wi-Fi",AMOLED,1.39,454 x 454,50,14,Yes,Yes,Yes,$199 ,4/21/2016,12453,8.739999771,8.739999771,0,3.329999924,1.110000014,4.309999943,0,104,53,255,1028,3158
Amazfit,GTR 2,Amazfit OS,"Bluetooth, Wi-Fi",AMOLED,1.39,454 x 454,50,14,Yes,Yes,Yes,$179 ,4/22/2016,12954,9.329999924,9.329999924,0,4.429999828,0.419999987,4.46999979,0,52,10,273,1105,2638
Skagen,Falster 3,Wear OS,"Bluetooth, Wi-Fi",AMOLED,1.3,416 x 416,30,24,Yes,Yes,Yes,$295 ,4/23/2016,6001,4.210000038,4.210000038,0,0,0,4.210000038,0,0,0,249,1191,2069
Mobvoi,TicWatch E3,Wear OS,"Bluetooth, Wi-Fi",IPS,1.3,360 x 360,50,3,Yes,Yes,Yes,$199 ,4/24/2016,13481,10.27999973,10.27999973,0,4.550000191,1.149999976,4.579999924,0,37,26,216,1161,2529
Oppo,Watch,ColorOS,"Bluetooth, Wi-Fi, Cellular",AMOLED,1.91,402 x 476,50,16,Yes,Yes,Yes,$229 ,4/25/2016,11369,8.010000229,8.010000229,0,3.329999924,0.219999999,4.460000038,0,44,8,217,1171,2470
Suunto,7,Wear OS,"Bluetooth, Wi-Fi",AMOLED,1.39,454 x 454,50,2,Yes,Yes,No,$399 ,4/26/2016,10119,7.190000057,7.190000057,0,1.429999948,0.660000026,5.110000134,0,55,24,275,1086,2793
Mobvoi,TicWatch Pro 2020,Wear OS,"Bluetooth, Wi-Fi",AMOLED,1.39,400 x 400,50,2,Yes,Yes,Yes,$299 ,4/27/2016,10159,7.130000114,7.130000114,0,1.039999962,0.970000029,5.119999886,0,19,20,282,1119,2463
Casio,Pro Trek WSD-F30,Wear OS,"Bluetooth, Wi-Fi",Dual Layer,1.2,390 x 390,50,1,Yes,Yes,Yes,$549 ,4/28/2016,10140,7.119999886,7.119999886,0,0.409999996,1.330000043,5.389999866,0,6,20,291,1123,2296
Suunto,9 Peak,Suunto OS,"Bluetooth, Wi-Fi",OLED,1.4,240 x 240,100,14,Yes,Yes,No,$569 ,4/29/2016,10245,7.190000057,7.190000057,0,0.479999989,1.210000038,5.5,0,21,40,281,1098,2611
Garmin,Forerunner 945,Garmin OS,"Bluetooth, Wi-Fi",Transflective,1.2,240 x 240,50,14,Yes,Yes,Yes,$599 ,4/30/2016,18387,12.90999985,12.90999985,0,0.939999998,1.399999976,10.56999969,0,13,23,361,1043,2732
Fitbit,Sense,Fitbit OS,"Bluetooth, Wi-Fi",AMOLED,1.58,336 x 336,50,6,Yes,Yes,Yes,$329 ,01-05-2016,10538,7.400000095,7.400000095,0,1.940000057,0.959999979,4.5,0,25,28,245,1142,2380
Fossil,Hybrid HR,Fossil OS,"Bluetooth, Wi-Fi",E-Ink,1.06,176 x 176,30,14,Yes,No,Yes,$199 ,02-05-2016,10379,7.289999962,7.289999962,0,2.609999895,0.340000004,4.329999924,0,36,8,277,1119,2473
Huawei,Watch Fit,Lite OS,"Bluetooth, Wi-Fi",AMOLED,1.64,280 x 456,50,10,Yes,No,Yes,$129 ,03-05-2016,12183,8.739999771,8.739999771,0,3.99000001,0.460000008,4.28000021,0,72,14,250,1104,2752
TicWatch,Pro 4G/LTE,Wear OS,"Bluetooth, Wi-Fi, Cellular",AMOLED,1.4,400 x 400,50,2,Yes,Yes,Yes,$299 ,04-05-2016,11768,8.289999962,8.289999962,0,2.50999999,0.930000007,4.849999905,0,36,27,272,1105,2649
Amazfit,GTS 2,Amazfit OS,"Bluetooth, Wi-Fi",AMOLED,1.65,348 x 442,50,7,Yes,Yes,Yes,$179 ,05-05-2016,11895,8.350000381,8.350000381,0,2.789999962,0.860000014,4.699999809,0,55,20,253,1112,2609
OnePlus,Watch,RTOS,"Bluetooth, Wi-Fi",AMOLED,1.39,454 x 454,50,14,Yes,Yes,Yes,$159 ,06-05-2016,10227,7.179999828,7.179999828,0,1.870000005,0.670000017,4.639999866,0,24,17,295,1104,2498
Oppo,Watch 2,ColorOS,"Bluetooth, Wi-Fi, Cellular",AMOLED,1.75,372 x 430,50,16,Yes,Yes,Yes,$249 ,07-05-2016,6708,4.710000038,4.710000038,0,1.610000014,0.079999998,3.019999981,0,20,2,149,1269,1995
Polar,Vantage V2,Polar OS,"Bluetooth, Wi-Fi",Transflective,1.2,240 x 240,100,7,Yes,Yes,No,$499 ,08-05-2016,3292,2.309999943,2.309999943,0,0,0,2.309999943,0,0,0,135,1305,1848
LG,Watch W7,Wear OS,"Bluetooth, Wi-Fi",LCD,1.2,360 x 360,50,2,Yes,Yes,No,$249 ,09-05-2016,13379,9.390000343,9.390000343,0,2.119999886,1.629999995,5.639999866,0,35,47,297,1061,2709
Misfit,Vapor X,Wear OS,"Bluetooth, Wi-Fi",AMOLED,1.19,328 x 328,50,2,Yes,Yes,Yes,$199 ,10-05-2016,12798,8.979999542,8.979999542,0,2.220000029,1.210000038,5.559999943,0,57,28,271,1084,2797
Mobvoi,TicWatch Pro 3,Wear OS,"Bluetooth, Wi-Fi",AMOLED,1.4,454 x 454,50,3,Yes,Yes,Yes,$299 ,11-05-2016,13272,9.319999695,9.319999695,0,4.179999828,1.149999976,3.99000001,0,58,25,224,1133,2544
Moto,Moto 360 (3rd Gen),Wear OS,"Bluetooth, Wi-Fi",AMOLED,1.2,390 x 390,30,2,Yes,Yes,Yes,$299 ,12-05-2016,9117,6.409999847,6.409999847,0,1.279999971,0.670000017,4.440000057,0,16,16,236,728,1853
MyKronoz,ZeTime Elite 2,MyKronoz OS,"Bluetooth, Wi-Fi",TFT LCD,1.3,360 x 360,50,5,Yes,No,Yes,$199 ,12-04-2016,4414,2.74000001,2.74000001,0,0.189999998,0.349999994,2.200000048,0,3,8,181,706,1459
Nubia,Alpha,Nubia OS,"Bluetooth, Wi-Fi, Cellular",OLED,4.01,960 x 192,Not specified,48 hours,Yes,Yes,Yes,$449 ,4/13/2016,4993,3.099999905,3.099999905,0,0,0,3.099999905,0,0,0,238,663,1521
Skagen,Falster 3,Wear OS,"Bluetooth, Wi-Fi",AMOLED,1.3,416 x 416,30,1,Yes,Yes,Yes,$295 ,4/14/2016,3335,2.069999933,2.069999933,0,0,0,2.049999952,0,0,0,197,653,1431
Sony,SmartWatch 3,Android Wear,"Bluetooth, Wi-Fi",Transflective,1.6,320 x 320,30,2,Yes,Yes,Yes,$299 ,4/15/2016,3821,2.369999886,2.369999886,0,0,0,2.369999886,0,0,0,188,687,1444
TicWatch,E2,Wear OS,"Bluetooth, Wi-Fi",AMOLED,1.39,400 x 400,50,2,Yes,Yes,Yes,$159 ,4/16/2016,2547,1.580000043,1.580000043,0,0,0,1.580000043,0,0,0,150,728,1373
Xiaomi,Mi Watch Lite,Mi Wear OS,"Bluetooth, Wi-Fi",LCD,1.4,320 x 320,50,9,Yes,Yes,Yes,$49 ,4/17/2016,838,0.519999981,0.519999981,0,0,0,0.519999981,0,0,0,60,1053,1214
Zepp,Z,Zepp OS,"Bluetooth, Wi-Fi",AMOLED,1.39,454 x 454,50,15,Yes,Yes,Yes,$349 ,4/18/2016,3325,2.059999943,2.059999943,0,0,0,2.059999943,0,0,0,182,1062,1419
TicWatch,E3,Wear OS,"Bluetooth, Wi-Fi",LCD,1.3,360 x 360,50,3,Yes,Yes,Yes,$199 ,4/19/2016,2424,1.5,1.5,0,0,0,1.5,0,0,0,141,785,1356
Huawei,Watch GT 2 Pro,Lite OS,"Bluetooth, Wi-Fi",AMOLED,1.39,454 x 454,50,14,Yes,Yes,Yes,$299 ,4/20/2016,7222,4.480000019,4.480000019,0,0,0,4.480000019,0,0,0,327,623,1667
Samsung,Galaxy Watch Active 2,Tizen OS,"Bluetooth, Wi-Fi, Cellular",Super AMOLED,1.4,360 x 360,50,2,Yes,Yes,Yes,$279 ,4/21/2016,2467,1.529999971,1.529999971,0,0,0,1.529999971,0,0,0,153,749,1370
Apple,Watch Series 6,watchOS,"Bluetooth, Wi-Fi, Cellular",Retina,1.78,368 x 448,50,18,Yes,Yes,Yes,$399 ,4/22/2016,2915,1.809999943,1.809999943,0,0,0,1.809999943,0,0,0,162,712,1399
Fitbit,Ionic,Fitbit OS,"Bluetooth, Wi-Fi",LCD,1.42,348 x 250,50,5,Yes,Yes,Yes,$249 ,4/23/2016,12357,7.710000038,7.710000038,0,0,0,7.710000038,0,0,0,432,458,1916
Fossil,Gen 5,Wear OS,"Bluetooth, Wi-Fi",AMOLED,1.28,416 x 416,30,24,Yes,Yes,Yes,$295 ,4/24/2016,3490,2.160000086,2.160000086,0,0,0,2.160000086,0,0,0,164,704,1401
Garmin,Venu Sq,Garmin OS,"Bluetooth, Wi-Fi",LCD,1.3,240 x 240,50,6,Yes,Yes,Yes,$199 ,4/25/2016,6017,3.730000019,3.730000019,0,0,0,3.730000019,0,0,0,260,821,1576
Mobvoi,TicWatch Pro 3,Wear OS,"Bluetooth, Wi-Fi",AMOLED,1.4,454 x 454,50,3,Yes,Yes,Yes,$299 ,4/26/2016,5933,3.680000067,3.680000067,0,0,0,3.680000067,0,0,0,288,1018,1595
Oppo,Watch Free,ColorOS,"Bluetooth, Wi-Fi",AMOLED,1.6,360 x 360,50,14,Yes,Yes,Yes,$199 ,4/27/2016,6088,3.769999981,3.769999981,0,0,0,3.769999981,0,0,0,286,586,1593
Realme,Watch S Pro,Realme OS,"Bluetooth, Wi-Fi",AMOLED,1.39,454 x 454,50,14,Yes,Yes,No,$179 ,4/28/2016,6375,3.950000048,3.950000048,0,0,0,3.950000048,0,0,0,331,626,1649
Suunto,9 Peak,Suunto OS,"Bluetooth, Wi-Fi",Transflective,1.4,320 x 300,100,14,Yes,Yes,Yes,$569 ,4/29/2016,7604,4.710000038,4.710000038,0,0,0,4.710000038,0,0,0,352,492,1692
Timex,Metropolitan R,Proprietary OS,"Bluetooth, Wi-Fi",AMOLED,1.2,390 x 390,30,5,Yes,Yes,No,$179 ,4/30/2016,4729,2.930000067,2.930000067,0,0,0,2.930000067,0,0,0,233,594,1506
Matrix,PowerWatch 2,Matrix OS,"Bluetooth, Wi-Fi",LCD,1.2,360 x 360,200,Unlimited,Yes,Yes,Yes,$499 ,01-05-2016,3609,2.279999971,2.279999971,0,0,0,2.279999971,0,0,0,191,716,1447
Mobvoi,TicWatch E3,Wear OS,"Bluetooth, Wi-Fi",IPS LCD,1.3,360 x 360,50,3,Yes,Yes,Yes,$199 ,02-05-2016,7018,4.349999905,4.349999905,0,0,0,4.349999905,0,0,0,355,716,1690
Skagen,Falster 3,Wear OS,"Bluetooth, Wi-Fi",AMOLED,1.3,416 x 416,30,24,Yes,Yes,Yes,$295 ,03-05-2016,5992,3.720000029,3.720000029,0,0,0,3.720000029,0,0,0,304,981,1604
Xiaomi,Mi Watch Lite,Proprietary OS,Bluetooth,TFT LCD,1.4,320 x 320,50,9,Yes,No,Yes,$69 ,04-05-2016,6564,4.070000172,4.070000172,0,0,0,4.070000172,0,0,0,345,530,1658
Honor,MagicWatch 2,Lite OS,"Bluetooth, Wi-Fi",AMOLED,1.39,454 x 454,50,14,Yes,Yes,Yes,$199 ,05-05-2016,12167,7.539999962,7.539999962,0,0,0,7.539999962,0,0,0,475,479,1926
Withings,ScanWatch,Proprietary OS,"Bluetooth, Wi-Fi",PMOLED,1.3,240 x 240,50,30,Yes,Yes,Yes,$279 ,06-05-2016,8198,5.079999924,5.079999924,0,0,0,5.079999924,0,0,0,383,511,1736
Kate Spade,Scallop 2,Wear OS,"Bluetooth, Wi-Fi",AMOLED,1.19,390 x 390,30,1,Yes,Yes,Yes,$295 ,07-05-2016,4193,2.599999905,2.599999905,0,0,0,2.599999905,0,0,0,229,665,1491
Diesel,On Fadelite,Wear OS,"Bluetooth, Wi-Fi",AMOLED,1.19,390 x 390,30,2,Yes,Yes,Yes,$299 ,08-05-2016,5528,3.450000048,3.450000048,0,0,0,3.450000048,0,0,0,258,610,1555
Amazfit,Bip U Pro,Amazfit OS,"Bluetooth, Wi-Fi",TFT LCD,1.43,320 x 302,50,9,Yes,No,Yes,$69 ,09-05-2016,10685,6.619999886,6.619999886,0,0,0,6.599999905,0,0,0,401,543,1869
Honor,Watch ES,Lite OS,"Bluetooth, Wi-Fi",AMOLED,1.64,280 x 456,50,10,Yes,No,Yes,$99 ,10-05-2016,254,0.159999996,0.159999996,0,0,0,0.159999996,0,0,0,17,1002,1141
Timex,Metropolitan R,Wear OS,"Bluetooth, Wi-Fi",AMOLED,1.2,390 x 390,50,3,Yes,Yes,No,$179 ,11-05-2016,8580,5.320000172,5.320000172,0,0,0,5.320000172,0,0,0,330,569,1698
Michael Kors,Lexington 2,Wear OS,"Bluetooth, Wi-Fi",AMOLED,1.28,416 x 416,30,24,Yes,Yes,Yes,$299 ,12-05-2016,8891,5.510000229,5.510000229,0,0,0,5.510000229,0,0,0,343,330,1364
Diesel,Fadelite,Wear OS,"Bluetooth, Wi-Fi",AMOLED,1.19,390 x 390,30,2,Yes,Yes,Yes,$249 ,12-04-2016,10725,7.489999771,7.489999771,0,1.169999957,0.310000002,6.010000229,0,13,9,306,1112,2124
LG,Watch W7,Wear OS,"Bluetooth, Wi-Fi",LCD,1.2,360 x 360,50,2,Yes,Yes,Yes,$249 ,4/13/2016,7275,4.900000095,4.900000095,0,0,0,4.900000095,0,0,0,335,1105,2003
TicWatch,E3,Wear OS,"Bluetooth, Wi-Fi",TFT-LCD,1.3,360 x 360,50,3,Yes,Yes,Yes,$199 ,4/14/2016,3973,2.680000067,2.680000067,0,0,0,2.680000067,0,0,0,191,1249,1696
Mobvoi,TicWatch C2+,Wear OS,"Bluetooth, Wi-Fi",AMOLED,1.3,360 x 360,50,2,Yes,Yes,Yes,$209 ,4/15/2016,5205,3.50999999,3.50999999,0,0,0,3.50999999,0,0,0,245,1195,1801
Zeblaze,Thor 5 Pro,Android OS,"Bluetooth, Wi-Fi, Cellular",AMOLED,1.6,400 x 400,50,5,Yes,Yes,Yes,$189 ,4/16/2016,5057,3.410000086,3.410000086,0,0,0,3.400000095,0,0,0,195,1245,1724
Kospet,Prime 2,Android OS,"Bluetooth, Wi-Fi, Cellular",AMOLED,2.1,480 x 480,50,4,Yes,Yes,Yes,$269 ,4/17/2016,6198,4.179999828,4.179999828,0,0,0,4.179999828,0,0,0,249,1191,1852
Lemfo,Lem12 Pro,Android OS,"Bluetooth, Wi-Fi, Cellular",AMOLED,1.6,400 x 400,50,3,Yes,Yes,Yes,$179 ,4/18/2016,6559,4.420000076,4.420000076,0,0,0.25999999,4.139999866,0,0,7,260,1173,1905
Amazfit,Stratos 3,Amazfit OS,"Bluetooth, Wi-Fi",Transflective,1.34,320 x 320,50,7,Yes,Yes,Yes,$199 ,4/19/2016,5997,4.039999962,4.039999962,0,0,0.379999995,3.660000086,0,0,11,228,1201,1811
Garmin,Enduro,Garmin OS,"Bluetooth, Wi-Fi",Transflective,1.4,280 x 280,100,70,Yes,Yes,Yes,$799 ,4/20/2016,7192,4.849999905,4.849999905,0,0,0.49000001,4.340000153,0,0,11,283,1146,1922
Mobvoi,TicWatch E3,Wear OS,"Bluetooth, Wi-Fi",IPS LCD,1.3,360 x 360,50,3,Yes,Yes,Yes,$199 ,4/21/2016,3404,2.289999962,2.289999962,0,0.059999999,0.419999987,1.809999943,0,1,10,127,1302,1610
Withings,Steel HR Sport,Proprietary,"Bluetooth, Wi-Fi",OLED,1.23,240 x 240,50,25,Yes,Yes,No,$199 ,4/22/2016,5583,3.75999999,3.75999999,0,0,0,3.75999999,0,0,0,266,1174,1851
Casio,G-Shock Move,Casio OS,"Bluetooth, Wi-Fi",LCD,1.2,360 x 360,200,2,Yes,Yes,Yes,$399 ,4/23/2016,5079,3.420000076,3.420000076,0,0,0,3.420000076,0,0,0,242,1129,1804
Amazfit,Bip S,Amazfit OS,"Bluetooth, Wi-Fi",Transflective,1.28,176 x 176,50,40,Yes,No,Yes,$69 ,4/24/2016,4165,2.809999943,2.809999943,0,0,0,2.799999952,0,0,0,204,1236,1725
Garmin,Lily,Garmin OS,"Bluetooth, Wi-Fi",TFT LCD,1,240 x 240,50,5,Yes,Yes,No,$199 ,4/25/2016,3588,2.420000076,2.420000076,0,0.230000004,0.200000003,1.99000001,0,3,5,152,1280,1654
Huawei,Watch GT 2e,Lite OS,"Bluetooth, Wi-Fi",AMOLED,1.39,454 x 454,50,14,Yes,Yes,Yes,$139 ,4/26/2016,3409,2.299999952,2.299999952,0,0,0,2.299999952,0,0,0,147,1293,1632
LG,Watch Urbane 2,Wear OS,"Bluetooth, Wi-Fi, Cellular",P-OLED,1.38,480 x 480,50,2,Yes,Yes,Yes,$299 ,4/27/2016,1715,1.159999967,1.159999967,0,0,0,1.159999967,0,0,0,82,1358,1481
Suunto,9 Peak,Suunto OS,"Bluetooth, Wi-Fi",Transflective,1.2,240 x 240,100,14,Yes,Yes,No,$699 ,4/28/2016,1532,1.029999971,1.029999971,0,0,0,1.029999971,0,0,0,76,1364,1473
Timex,Metropolitan R,Proprietary,"Bluetooth, Wi-Fi",AMOLED,1.2,390 x 390,50,12,Yes,No,Yes,$179 ,4/29/2016,924,0.620000005,0.620000005,0,0,0,0.620000005,0,0,0,45,1395,1410
Polar,Ignite 2,Polar OS,"Bluetooth, Wi-Fi",IPS LCD,1.2,240 x 240,50,5,Yes,Yes,No,$229 ,4/30/2016,4571,3.079999924,3.079999924,0,0,0,3.069999933,0,0,0,234,1206,1779
Xiaomi,Mi Watch Revolve,Proprietary,"Bluetooth, Wi-Fi",AMOLED,1.39,454 x 454,50,14,Yes,Yes,Yes,$129 ,01-05-2016,772,0.519999981,0.519999981,0,0,0,0.519999981,0,0,0,40,1400,1403
Skagen,Jorn Hybrid HR,Skagen OS,"Bluetooth, Wi-Fi",E-Ink,1.2,240 x 240,30,14,Yes,No,No,$195 ,02-05-2016,3634,2.450000048,2.450000048,0,0.360000014,0.209999993,1.879999995,0,5,6,123,1306,1613
Xiaomi,Mi Watch Revolve,MIUI for Watch,"Bluetooth, Wi-Fi",AMOLED,1.39,454 x 454,50,14,Yes,Yes,Yes,$120 ,03-05-2016,7443,5.019999981,5.019999981,0,1.49000001,0.370000005,3.160000086,0,20,10,206,1204,1878
Kate Spade,Scallop 2,Wear OS,"Bluetooth, Wi-Fi",AMOLED,1.2,390 x 390,30,1,Yes,Yes,Yes,$299 ,04-05-2016,1201,0.810000002,0.810000002,0,0,0,0.810000002,0,0,0,52,1388,1426
TAG Heuer,Connected Modular 45,Wear OS,"Bluetooth, Wi-Fi",AMOLED,1.39,400 x 400,50,25,Yes,Yes,Yes,"$1,500 ",05-05-2016,5202,3.50999999,3.50999999,0,0,0.389999986,3.109999895,0,0,11,223,1206,1780
Misfit,Vapor X,Wear OS,"Bluetooth, Wi-Fi",AMOLED,1.19,390 x 390,30,2,Yes,Yes,Yes,$279 ,06-05-2016,4878,3.289999962,3.289999962,0,0,0,3.289999962,0,0,0,204,1236,1742
Michael Kors,Access Bradshaw 2,Wear OS,"Bluetooth, Wi-Fi",AMOLED,1.28,416 x 416,30,1,Yes,Yes,Yes,$349 ,07-05-2016,7379,4.96999979,4.96999979,0,0,0,4.96999979,0,0,0,319,1121,1972
Casio,G-Shock GBD-H1000,Casio OS,"Bluetooth, Wi-Fi",STN LCD,1.2,360 x 360,200,14,Yes,Yes,Yes,$399 ,08-05-2016,5161,3.480000019,3.480000019,0,0,0,3.470000029,0,0,0,247,1193,1821
Matrix,PowerWatch 2,Matrix OS,"Bluetooth, Wi-Fi",LCD,1.2,228 x 172,200,Unlimited,Yes,Yes,Yes,$499 ,09-05-2016,3090,2.079999924,2.079999924,0,0,0,2.079999924,0,0,0,145,1295,1630
Garmin,Instinct Solar,Garmin OS,"Bluetooth, Wi-Fi",Monochrome,0.9,128 x 128,100,24,Yes,Yes,Yes,$399 ,10-05-2016,6227,4.199999809,4.199999809,0,0,0,4.199999809,0,0,0,290,1150,1899
Timex,Metropolitan R,Timex OS,"Bluetooth, Wi-Fi",E-Ink,1.2,240 x 240,50,30,Yes,No,No,$179 ,11-05-2016,6424,4.329999924,4.329999924,0,0,0,4.329999924,0,0,0,300,1140,1903
Diesel,On Fadelite,Wear OS,"Bluetooth, Wi-Fi",AMOLED,1.19,390 x 390,30,2,Yes,Yes,Yes,$249 ,12-05-2016,2661,1.789999962,1.789999962,0,0,0,1.789999962,0,0,0,128,830,1125
Mobvoi,TicWatch E3,Wear OS,"Bluetooth, Wi-Fi",IPS LCD,1.3,360 x 360,50,3,Yes,Yes,Yes,$199 ,12-04-2016,10113,6.829999924,6.829999924,0,2,0.620000005,4.199999809,0,28,13,320,964,2344
Casio,G-Shock GBD-H1000,Casio OS,"Bluetooth, Wi-Fi",Transflective,1.2,360 x 360,200,14,Yes,Yes,No,$399 ,4/13/2016,10352,7.010000229,7.010000229,0,1.659999967,1.940000057,3.410000086,0,19,32,195,676,2038
Amazfit,GTR 2,Amazfit OS,"Bluetooth, Wi-Fi",AMOLED,1.39,454 x 454,50,14,Yes,Yes,Yes,$179 ,4/14/2016,10129,6.699999809,6.699999809,0,0.02,2.74000001,3.940000057,0,1,48,206,705,2010
Honor,Watch ES,Lite OS,"Bluetooth, Wi-Fi",AMOLED,1.64,280 x 456,50,10,Yes,No,No,$99 ,4/15/2016,10465,6.920000076,6.920000076,0,0.07,1.419999957,5.429999828,0,1,24,284,720,2133
Realme,Watch S Pro,Realme OS,"Bluetooth, Wi-Fi",AMOLED,1.39,454 x 454,50,14,Yes,Yes,Yes,$149 ,4/16/2016,22244,15.07999992,15.07999992,0,5.449999809,4.099999905,5.53000021,0,66,72,268,968,2670
Skagen,Falster 3,Wear OS,"Bluetooth, Wi-Fi",AMOLED,1.3,416 x 416,30,24,Yes,Yes,Yes,$295 ,4/17/2016,5472,3.619999886,3.619999886,0,0.079999998,0.280000001,3.25999999,0,1,7,249,508,1882
Zepp,Z,Zepp OS,"Bluetooth, Wi-Fi",AMOLED,1.39,454 x 454,50,15,Yes,Yes,Yes,$349 ,4/18/2016,8247,5.449999809,5.449999809,0,0.790000021,0.860000014,3.789999962,0,11,16,206,678,1944
Diesel,On Fadelite,Wear OS,"Bluetooth, Wi-Fi",AMOLED,1.19,390 x 390,30,2,Yes,Yes,Yes,$275 ,4/19/2016,6711,4.440000057,4.440000057,0,0,0,4.440000057,0,0,7,382,648,2346
Garmin,Enduro,Garmin OS,"Bluetooth, Wi-Fi",Transflective,1.4,280 x 280,100,70,Yes,Yes,Yes,$799 ,4/20/2016,10999,7.269999981,7.269999981,0,0.680000007,1.809999943,4.78000021,0,11,43,269,1011,2198
Suunto,9 Peak,Suunto OS,"Bluetooth, Wi-Fi",Transflective,1.4,280 x 280,100,14,Yes,Yes,Yes,$699 ,4/21/2016,10080,6.75,6.75,0,1.850000024,1.529999971,3.380000114,0,23,26,208,761,2048
Fitbit,Ionic,Fitbit OS,"Bluetooth, Wi-Fi",LCD,1.42,348 x 250,50,5,Yes,Yes,Yes,$249 ,4/22/2016,7804,5.159999847,5.159999847,0,0.560000002,1.679999948,2.920000076,0,9,27,206,781,1946
Skagen,Falster 3,Wear OS,"Bluetooth, Wi-Fi",AMOLED,1.3,328 x 328,30,24,Yes,Yes,Yes,$295 ,4/23/2016,16901,11.36999989,11.36999989,0,2.779999971,1.450000048,7.150000095,0,32,35,360,591,2629
Montblanc,Summit 2,Wear OS,"Bluetooth, Wi-Fi",AMOLED,1.28,390 x 390,50,1.5,Yes,Yes,Yes,$990 ,4/24/2016,9471,6.260000229,6.260000229,0,0,0,6.260000229,0,0,0,360,584,2187
TAG Heuer,Connected Modular 45,Wear OS,"Bluetooth, Wi-Fi",OLED,1.39,400 x 400,50,25,Yes,Yes,Yes,"$1,650 ",4/25/2016,9482,6.380000114,6.380000114,0,1.269999981,0.519999981,4.599999905,0,15,11,277,653,2095
Asus,ZenWatch 3,Android Wear,"Bluetooth, Wi-Fi",AMOLED,1.39,400 x 400,50,1.5,Yes,Yes,No,$229 ,4/26/2016,5980,3.950000048,3.950000048,0,0,0,3.950000048,0,0,0,227,732,1861
Mobvoi,TicWatch Pro,Wear OS,"Bluetooth, Wi-Fi",AMOLED,1.4,400 x 400,50,2,Yes,Yes,Yes,$279 ,4/27/2016,11423,7.579999924,7.579999924,0,1.860000014,0.400000006,5.320000172,0,26,9,295,623,2194
Misfit,Vapor 2,Wear OS,"Bluetooth, Wi-Fi",AMOLED,1.2,360 x 360,30,1,Yes,Yes,Yes,$249 ,4/28/2016,5439,3.599999905,3.599999905,0,0,0,3.599999905,0,0,0,229,764,1854
Withings,ScanWatch,Withings OS,"Bluetooth, Wi-Fi",PMOLED,1.38,348 x 442,50,30,Yes,Yes,Yes,$279 ,4/29/2016,42,0.029999999,0.029999999,0,0,0,0.029999999,0,0,0,4,2,403
Michael Kors,Access Gen 5,Wear OS,"Bluetooth, Wi-Fi",AMOLED,1.28,416 x 416,30,1,Yes,Yes,Yes,$295 ,12-04-2016,8796,5.909999847,5.909999847,0,0.109999999,0.930000007,4.880000114,0,2,21,356,1061,1982
Diesel,On Fadelite,Wear OS,"Bluetooth, Wi-Fi",AMOLED,1.19,390 x 390,30,1.5,Yes,Yes,Yes,$295 ,4/13/2016,7618,5.119999886,5.119999886,0,0,0.219999999,4.880000114,0.02,0,8,404,1028,2004
Emporio Armani,Connected,Wear OS,"Bluetooth, Wi-Fi",AMOLED,1.19,390 x 390,30,1.5,Yes,Yes,Yes,$375 ,4/14/2016,7910,5.320000172,5.320000172,0,0,0,5.320000172,0,0,0,331,1109,1893
Zepp,Z,Zepp OS,"Bluetooth, Wi-Fi, Cellular",AMOLED,1.39,454 x 454,50,15,Yes,Yes,Yes,$349 ,4/15/2016,8482,5.699999809,5.699999809,0,0,0,5.690000057,0.01,0,0,448,992,2063
Xiaomi,Mi Watch Revolve,MIUI For Watch,"Bluetooth, Wi-Fi",AMOLED,1.39,454 x 454,50,14,Yes,Yes,Yes,$99 ,4/16/2016,9685,6.650000095,6.650000095,0,3.109999895,0.02,3.50999999,0.01,47,1,305,1087,2148
Mobvoi,TicWatch E3,Wear OS,"Bluetooth, Wi-Fi",IPS LCD,1.3,360 x 360,50,3,Yes,Yes,Yes,$199 ,4/17/2016,2524,1.700000048,1.700000048,0,0,0.349999994,1.340000033,0,0,8,160,1272,1529
Honor,Watch GS Pro,Lite OS,"Bluetooth, Wi-Fi",AMOLED,1.39,454 x 454,50,25,Yes,Yes,Yes,$249 ,4/18/2016,7762,5.239999771,5.239999771,0,0.07,0.280000001,4.889999866,0,1,6,311,1122,1890
Skagen,Falster 3,Wear OS,"Bluetooth, Wi-Fi",AMOLED,1.3,328 x 328,30,2,Yes,Yes,Yes,$295 ,4/19/2016,7948,5.369999886,5.369999886,0,0,0,5.360000134,0,0,0,389,1051,1956
Sony,SmartWatch 3,Android Wear,"Bluetooth, Wi-Fi",Transflective,1.6,320 x 320,30,2,Yes,Yes,Yes,$150 ,4/20/2016,9202,6.300000191,6.300000191,0,1.50999999,0.119999997,4.659999847,0.01,22,5,378,1035,2094
Casio,Pro Trek Smart WSD-F30,Wear OS,"Bluetooth, Wi-Fi",OLED,1.2,390 x 390,50,1,Yes,Yes,Yes,$549 ,4/21/2016,8859,5.980000019,5.980000019,0,0.129999995,0.370000005,5.46999979,0.01,2,10,371,1057,1970
Timex,Ironman R300 GPS,Timex OS,"Bluetooth, Wi-Fi",Memory LCD,1.1,160 x 160,100,20,Yes,Yes,No,$129 ,4/22/2016,7286,4.900000095,4.900000095,0,0.460000008,0,4.420000076,0.02,46,0,366,1028,2241
Withings,ScanWatch 38mm,Withings OS,"Bluetooth, Wi-Fi",PMOLED,1.3,240 x 240,50,30,Yes,No,Yes,$279 ,4/23/2016,9317,6.349999905,6.349999905,0,2.089999914,0.230000004,4.019999981,0.01,28,5,330,1077,2021
LG,Watch Urbane 2nd Edition,Android Wear,"Bluetooth, Wi-Fi, Cellular",P-OLED,1.38,480 x 480,10,2,Yes,Yes,Yes,$399 ,4/24/2016,6873,4.679999828,4.679999828,0,3,0.059999999,1.620000005,0,46,1,190,1203,1898
Polaroid,Cosmo,Android,"Bluetooth, Wi-Fi",TFT LCD,1.2,240 x 240,50,2,Yes,Yes,Yes,$249 ,4/25/2016,7373,4.949999809,4.949999809,0,0,0,4.949999809,0,0,0,359,1081,1907
MyKronoz,ZeTime,MyKronoz OS,"Bluetooth, Wi-Fi",TFT LCD,1.22,240 x 240,30,3,Yes,Yes,Yes,$199 ,4/26/2016,8242,5.539999962,5.539999962,0,0.119999997,0.180000007,5.239999771,0,2,5,309,1124,1882
Xiaomi,Mi Watch Revolve,Wear OS,"Bluetooth, Wi-Fi",AMOLED,1.39,454 x 454,50,14,Yes,Yes,Yes,$99 ,4/27/2016,3516,2.359999895,2.359999895,0,0,0,2.359999895,0,46,0,197,1197,1966
Mobvoi,TicWatch E3,Wear OS,"Bluetooth, Wi-Fi",IPS LCD,1.3,360 x 360,50,3,Yes,Yes,Yes,$199 ,4/28/2016,7913,5.409999847,5.409999847,0,2.160000086,0.340000004,2.910000086,0,28,7,213,1192,1835
Honor,Watch GS Pro,Lite OS,"Bluetooth, Wi-Fi, Cellular",AMOLED,1.39,454 x 454,50,25,Yes,Yes,Yes,$249 ,4/29/2016,7365,4.949999809,4.949999809,0,1.360000014,1.409999967,2.180000067,0,20,23,206,1191,1780
Skagen,Falster 3,Wear OS,"Bluetooth, Wi-Fi",OLED,1.3,416 x 416,30,1,Yes,Yes,Yes,$295 ,4/30/2016,8452,5.679999828,5.679999828,0,0.330000013,1.080000043,4.260000229,0.01,5,20,248,1167,1830
Withings,ScanWatch,Withings OS,"Bluetooth, Wi-Fi",PMOLED,1.65,240 x 240,50,30,Yes,Yes,Yes,$279 ,01-05-2016,7399,4.96999979,4.96999979,0,0.49000001,1.039999962,3.440000057,0,7,18,196,1219,1739
Timex,Metropolitan+,Timex OS,Bluetooth,E-Ink,1.5,N/A,50,1,Yes,No,No,$79 ,02-05-2016,7525,5.059999943,5.059999943,0,0,0.209999993,4.829999924,0.02,0,7,334,1099,1878
Kospet,Optimus Pro,Android,"Bluetooth, Wi-Fi, Cellular",IPS LCD,1.39,454 x 454,30,3,Yes,Yes,Yes,$199 ,03-05-2016,7412,4.980000019,4.980000019,0,0.059999999,0.25,4.659999847,0.01,1,6,363,1070,1906
Zepp,Z,Zepp OS,"Bluetooth, Wi-Fi",AMOLED,1.39,454 x 454,50,15,Yes,Yes,Yes,$249 ,04-05-2016,8278,5.559999943,5.559999943,0,0,0,5.559999943,0,0,0,420,1020,2015
Realme,Watch S Pro,Proprietary OS,"Bluetooth, Wi-Fi",AMOLED,1.39,454 x 454,50,14,Yes,Yes,No,$139 ,05-05-2016,8314,5.610000134,5.610000134,0,0.779999971,0.800000012,4.03000021,0,13,23,311,1093,1971
Casio,Pro Trek WSD-F30,Wear OS,"Bluetooth, Wi-Fi",OLED,1.2,390 x 390,50,1.5,Yes,Yes,Yes,$549 ,06-05-2016,7063,4.75,4.75,0,0,0.119999997,4.610000134,0.01,0,5,370,1065,1910
Montblanc,Summit 2+,Wear OS,"Bluetooth, Wi-Fi, Cellular",AMOLED,1.28,416 x 416,50,1,Yes,Yes,Yes,"$1,230 ",07-05-2016,4940,3.380000114,3.380000114,0,2.279999971,0.550000012,0.550000012,0,75,11,52,1302,1897
Mobvoi,TicWatch E3,Wear OS,"Bluetooth, Wi-Fi",IPS LCD,1.3,360 x 360,50,3,Yes,Yes,Yes,$199 ,08-05-2016,8168,5.539999962,5.539999962,0,2.900000095,0,2.640000105,0,46,0,326,1068,2096
Casio,G-Shock GBD-H1000,Casio OS,"Bluetooth, Wi-Fi",LCD,1.2,360 x 360,200,14,Yes,Yes,No,$399 ,09-05-2016,7726,5.190000057,5.190000057,0,0,0,5.190000057,0,0,0,345,1095,1906
Honor,MagicWatch 2,Lite OS,"Bluetooth, Wi-Fi",AMOLED,1.39,454 x 454,50,14,Yes,Yes,Yes,$159 ,10-05-2016,8275,5.559999943,5.559999943,0,0,0,5.550000191,0.01,0,0,373,1067,1962
Xiaomi,Mi Watch Revolve,Proprietary,"Bluetooth, Wi-Fi",AMOLED,1.39,454 x 454,50,14,Yes,Yes,Yes,$149 ,11-05-2016,6440,4.329999924,4.329999924,0,0,0,4.320000172,0.01,0,0,319,1121,1826
Polar,Ignite 2,Polar OS,"Bluetooth, Wi-Fi",IPS LCD,1.2,240 x 240,30,5,Yes,Yes,Yes,$229 ,12-05-2016,7566,5.110000134,5.110000134,0,0,0,5.110000134,0,0,0,268,720,1431
Suunto,9 Peak,Suunto OS,"Bluetooth, Wi-Fi",Transflective,1.4,320 x 300,100,14,Yes,Yes,Yes,$699 ,12-04-2016,4747,3.24000001,3.24000001,0,0,0,3.230000019,0.01,0,0,280,1160,1788
Garmin,Instinct,Garmin OS,"Bluetooth, Wi-Fi",Monochrome,0.9,128 x 128,100,14,Yes,Yes,No,$299 ,4/13/2016,9715,6.630000114,6.630000114,0,0.99000001,0.340000004,5.269999981,0.02,16,8,371,1045,2093
Amazfit,T-Rex Pro,Amazfit OS,"Bluetooth, Wi-Fi",AMOLED,1.3,360 x 360,100,18,Yes,Yes,Yes,$179 ,4/14/2016,8844,6.03000021,6.03000021,0,0.340000004,1.029999971,4.650000095,0.01,6,25,370,1039,2065
Fossil,Sport,Wear OS,"Bluetooth, Wi-Fi",AMOLED,1.2,390 x 390,50,24,Yes,Yes,Yes,$219 ,4/15/2016,7451,5.079999924,5.079999924,0,0,0,5.059999943,0.02,0,0,335,1105,1908
TicWatch,C2+,Wear OS,"Bluetooth, Wi-Fi",AMOLED,1.3,360 x 360,50,1.5,Yes,Yes,Yes,$209 ,4/16/2016,6905,4.730000019,4.730000019,0,0,0,4.699999809,0.029999999,0,0,356,1084,1908
Huawei,Watch GT 2,Lite OS,"Bluetooth, Wi-Fi",AMOLED,1.39,454 x 454,50,14,Yes,Yes,Yes,$179 ,4/17/2016,8199,5.880000114,5.880000114,0,1.409999967,0.100000001,4.360000134,0.01,11,2,322,1105,1964
Michael Kors,Access Runway,Wear OS,"Bluetooth, Wi-Fi",AMOLED,1.19,390 x 390,30,1,Yes,Yes,Yes,$349 ,4/18/2016,6798,4.639999866,4.639999866,0,1.080000043,0.200000003,3.349999905,0,20,7,343,1070,2014
Skagen,Falster 3,Wear OS,"Bluetooth, Wi-Fi",OLED,1.3,328 x 328,30,1,Yes,Yes,Yes,$295 ,4/19/2016,7711,5.260000229,5.260000229,0,0,0,5.239999771,0.02,0,0,376,1064,1985
Mobvoi,TicWatch E2,Wear OS,"Bluetooth, Wi-Fi",LCD,1.39,400 x 400,50,2,Yes,Yes,Yes,$159 ,4/20/2016,4880,3.329999924,3.329999924,0,0.839999974,0.090000004,2.380000114,0.02,15,3,274,1148,1867
TAG Heuer,Connected,Wear OS,"Bluetooth, Wi-Fi, Cellular",OLED,1.39,454 x 454,50,20,Yes,Yes,Yes,"$1,800 ",4/21/2016,8857,6.070000172,6.070000172,0,1.149999976,0.25999999,4.639999866,0.01,18,9,376,1037,2124
Asus,ZenWatch 3,Android Wear,"Bluetooth, Wi-Fi",AMOLED,1.39,400 x 400,50,2,Yes,Yes,No,$229 ,4/22/2016,3843,2.619999886,2.619999886,0,0,0,2.609999895,0.01,0,0,206,1234,1669
Honor,MagicWatch 2,Lite OS,"Bluetooth, Wi-Fi",AMOLED,1.39,454 x 454,50,14,Yes,Yes,Yes,$199 ,4/23/2016,7396,5.070000172,5.070000172,0,1.399999976,0.079999998,3.579999924,0,20,2,303,1115,1995
Xiaomi,Mi Watch,MIUI,"Bluetooth, Wi-Fi, Cellular",AMOLED,1.78,368 x 448,50,16,Yes,Yes,Yes,$399 ,4/24/2016,6731,4.590000153,4.590000153,0,0.889999986,0.189999998,3.49000001,0.02,14,7,292,1127,1921
Polar,Ignite,Polar OS,"Bluetooth, Wi-Fi",IPS,1.2,240 x 240,30,5,Yes,Yes,Yes,$199 ,4/25/2016,5995,4.090000153,4.090000153,0,0,0,4.090000153,0,0,0,416,1024,2010
Garmin,Vivoactive 4,Garmin OS,"Bluetooth, Wi-Fi",Transflective,1.3,260 x 260,50,8,Yes,Yes,Yes,$349 ,4/26/2016,8283,5.789999962,5.789999962,0,1.850000024,0.050000001,3.869999886,0.01,22,2,333,1083,2057
Misfit,Vapor X,Wear OS,"Bluetooth, Wi-Fi",AMOLED,1.19,390 x 390,30,2,Yes,Yes,Yes,$279 ,4/27/2016,7904,5.420000076,5.420000076,0,1.580000043,0.629999995,3.190000057,0.01,24,13,346,1057,2095
Mobvoi,TicWatch Pro 3,Wear OS,"Bluetooth, Wi-Fi",AMOLED,1.4,454 x 454,50,3,Yes,Yes,Yes,$299 ,4/28/2016,5512,3.75999999,3.75999999,0,0,0,3.75999999,0,0,0,385,1055,1972
Casio,Pro Trek F30,Wear OS,"Bluetooth, Wi-Fi",OLED,1.2,390 x 390,50,1.5,Yes,Yes,No,$549 ,4/29/2016,9135,6.230000019,6.230000019,0,0,0,6.21999979,0.01,0,0,402,1038,2044
Diesel,On Axial,Wear OS,"Bluetooth, Wi-Fi",AMOLED,1.28,328 x 328,30,24,Yes,Yes,Yes,$295 ,4/30/2016,5250,3.579999924,3.579999924,0,1.059999943,0.090000004,2.420000076,0.01,17,4,300,1119,1946
Emporio Armani,Smartwatch 3,Wear OS,"Bluetooth, Wi-Fi",AMOLED,1.28,328 x 328,30,24,Yes,Yes,Yes,$375 ,01-05-2016,3077,2.099999905,2.099999905,0,0,0,2.089999914,0,0,0,172,842,1237
Misfit,Vapor 2,Wear OS,"Bluetooth, Wi-Fi",AMOLED,1.2,360 x 360,50,1,Yes,Yes,Yes,$249 ,12-04-2016,8856,5.980000019,5.980000019,0,3.059999943,0.910000026,2.00999999,0,44,19,131,777,1450
Mobvoi,TicWatch C2+,Wear OS,"Bluetooth, Wi-Fi",AMOLED,1.3,360 x 360,50,1.5,Yes,Yes,Yes,$209 ,4/13/2016,10035,6.710000038,6.710000038,0,2.029999971,2.130000114,2.549999952,0,31,46,153,754,1495
Motorola,Moto 360,Wear OS,"Bluetooth, Wi-Fi",OLED,1.2,390 x 390,30,1.5,Yes,Yes,Yes,$299 ,4/14/2016,7641,5.110000134,5.110000134,0,0.319999993,0.970000029,3.819999933,0,5,23,214,801,1433
Nokia,Steel HR,Proprietary OS,"Bluetooth, Wi-Fi",OLED,1.36,160 x 160,50,25,Yes,No,Yes,$179 ,4/15/2016,9010,6.059999943,6.059999943,0,1.049999952,1.75,3.25999999,0,15,42,183,644,1468
Skagen,Falster 3,Wear OS,"Bluetooth, Wi-Fi",AMOLED,1.3,328 x 328,30,24,Yes,Yes,Yes,$295 ,4/16/2016,13459,9,9,0,2.029999971,4,2.970000029,0,31,83,153,663,1625
Sony,SmartWatch 3,Android Wear,"Bluetooth, Wi-Fi",Transflective,1.6,320 x 320,30,2,Yes,Yes,No,$249 ,4/17/2016,10415,6.96999979,6.96999979,0,0.699999988,2.349999905,3.920000076,0,11,58,205,600,1529
TAG Heuer,Connected Modular 45,Android Wear,"Bluetooth, Wi-Fi",OLED,1.39,400 x 400,50,25,Yes,Yes,Yes,"$1,200 ",4/18/2016,11663,7.800000191,7.800000191,0,0.25,3.730000019,3.819999933,0,4,95,214,605,1584
Montblanc,Summit 2,Wear OS,"Bluetooth, Wi-Fi",AMOLED,1.2,390 x 390,50,1.5,Yes,Yes,Yes,"$1,170 ",4/19/2016,12414,8.779999733,8.779999733,0,2.24000001,2.450000048,3.960000038,0,19,67,221,738,1638
Xiaomi,Mi Watch Revolve,Proprietary OS,"Bluetooth, Wi-Fi",AMOLED,1.39,454 x 454,50,14,Yes,Yes,Yes,$129 ,4/20/2016,11658,7.829999924,7.829999924,0,0.200000003,4.349999905,3.279999971,0,2,98,164,845,1554
Honor,Watch GS Pro,Lite OS,"Bluetooth, Wi-Fi",AMOLED,1.39,454 x 454,50,25,Yes,Yes,Yes,$249 ,4/21/2016,6093,4.079999924,4.079999924,0,0,0,4.059999943,0,0,0,242,712,1397
Mobvoi,TicWatch E3,Wear OS,"Bluetooth, Wi-Fi",IPS LCD,1.3,360 x 360,50,3,Yes,Yes,Yes,$199 ,4/22/2016,8911,5.960000038,5.960000038,0,2.329999924,0.579999983,3.059999943,0,33,12,188,731,1481
Zepp,Z Titanium,Proprietary OS,"Bluetooth, Wi-Fi",AMOLED,1.39,454 x 454,50,15,Yes,Yes,Yes,$349 ,4/23/2016,12058,8.069999695,8.069999695,0,0,4.21999979,3.849999905,0,0,92,252,724,1638
LG,Watch W7,Wear OS,"Bluetooth, Wi-Fi",IPS LCD,1.2,360 x 360,50,2,Yes,Yes,Yes,$249 ,4/24/2016,14112,10,10,0,3.269999981,4.559999943,2.170000076,0,30,95,129,660,1655
Skagen,Falster 3,Wear OS,"Bluetooth, Wi-Fi",OLED,1.3,328 x 328,30,1,Yes,Yes,Yes,$295 ,4/25/2016,11177,8.479999542,8.479999542,0,5.619999886,0.430000007,2.410000086,0,50,9,133,781,1570
Misfit,Vapor X,Wear OS,"Bluetooth, Wi-Fi",AMOLED,1.19,390 x 390,30,2,Yes,Yes,Yes,$199 ,4/26/2016,11388,7.619999886,7.619999886,0,0.449999988,4.21999979,2.950000048,0,7,95,170,797,1551
Withings,ScanWatch,Withings OS,"Bluetooth, Wi-Fi",PMOLED,1.38,348 x 442,50,30,Yes,Yes,Yes,$279 ,4/27/2016,7193,5.039999962,5.039999962,0,0,0.419999987,4.619999886,0,0,10,176,714,1377
Casio,Pro Trek Smart WSD-30F,Wear OS,"Bluetooth, Wi-Fi",LCD,1.32,320 x 300,50,1,Yes,Yes,Yes,$399 ,4/28/2016,7114,4.880000114,4.880000114,0,1.370000005,0.289999992,3.220000029,0,15,8,190,804,1407
Timex,Metropolitan R AMOLED,Timex OS,"Bluetooth, Wi-Fi",AMOLED,1.2,390 x 390,30,3,Yes,No,Yes,$179 ,4/29/2016,10645,7.75,7.75,0,3.74000001,1.299999952,2.710000038,0,36,32,150,744,1545
Garmin,Instinct Solar,Garmin OS,"Bluetooth, Wi-Fi",Monochrome,0.9,128 x 128,100,24,Yes,Yes,No,$399 ,4/30/2016,13238,9.199999809,9.199999809,0,3.690000057,2.099999905,3.410000086,0,43,52,194,687,1650
Mobvoi,TicWatch E3,Wear OS,"Bluetooth, Wi-Fi",LCD,1.3,360 x 360,50,3,Yes,Yes,Yes,$199 ,01-05-2016,10414,7.070000172,7.070000172,0,2.670000076,1.980000019,2.410000086,0,41,40,124,691,1501
Amazfit,GTR 2,Amazfit OS,"Bluetooth, Wi-Fi",AMOLED,1.39,454 x 454,50,14,Yes,Yes,Yes,$179 ,02-05-2016,16520,11.05000019,11.05000019,0,1.539999962,6.480000019,3.019999981,0,24,143,176,713,1760
Garmin,Venu Sq Music,Garmin OS,"Bluetooth, Wi-Fi",LCD,1.3,240 x 240,50,6,Yes,Yes,Yes,$249 ,03-05-2016,14335,9.590000153,9.590000153,0,3.319999933,1.74000001,4.53000021,0,47,41,258,594,1710
Samsung,Galaxy Watch,Tizen OS,"Bluetooth, Wi-Fi, Cellular",Super AMOLED,1.3,360 x 360,50,4,Yes,Yes,Yes,$259 ,04-05-2016,13559,9.43999958,9.43999958,0,1.809999943,4.579999924,2.890000105,0,14,96,142,852,1628
Suunto,9 Peak,Suunto OS,"Bluetooth, Wi-Fi",Transflective,1.2,240 x 240,100,14,Yes,Yes,No,$569 ,05-05-2016,12312,8.579999924,8.579999924,0,1.75999999,4.110000134,2.710000038,0,14,88,178,680,1618
Honor,MagicWatch 2,Lite OS,"Bluetooth, Wi-Fi",AMOLED,1.39,454 x 454,50,14,Yes,Yes,Yes,$159 ,06-05-2016,11677,8.279999733,8.279999733,0,3.109999895,2.50999999,2.670000076,0,29,55,168,676,1590
TicWatch,Pro 3,Wear OS,"Bluetooth, Wi-Fi, Cellular",AMOLED,1.4,454 x 454,50,3,Yes,Yes,Yes,$299 ,07-05-2016,11550,7.730000019,7.730000019,0,0,4.130000114,3.589999914,0,0,86,208,703,1574
Garmin,Lily,Garmin OS,"Bluetooth, Wi-Fi",LCD,1,240 x 201,50,5,Yes,Yes,Yes,$199 ,08-05-2016,13585,9.090000153,9.090000153,0,0.680000007,5.239999771,3.170000076,0,9,116,171,688,1633
Fitbit,Ionic,Fitbit OS,"Bluetooth, Wi-Fi, Cellular",LCD,1.42,348 x 250,50,5,Yes,Yes,Yes,$299 ,09-05-2016,14687,10.07999992,10.07999992,0,0.769999981,5.599999905,3.549999952,0,8,122,151,1159,1667
Huawei,Watch GT 2e,Lite OS,"Bluetooth, Wi-Fi",AMOLED,1.39,454 x 454,50,14,Yes,No,Yes,$139 ,10-05-2016,13072,8.779999733,8.779999733,0,0.07,5.400000095,3.309999943,0,1,115,196,676,1630
Fossil,Sport,Wear OS,"Bluetooth, Wi-Fi",AMOLED,1.2,390 x 390,50,2,Yes,Yes,Yes,$149 ,11-05-2016,746,0.5,0.5,0,0.370000005,0,0.129999995,0,4,0,9,13,52
Michael Kors,Access Runway,Wear OS,"Bluetooth, Wi-Fi",AMOLED,1.19,390 x 390,30,1,Yes,Yes,Yes,$349 ,12-04-2016,8539,6.119999886,6.119999886,0,0.150000006,0.239999995,5.679999828,0,4,15,331,712,3654
Asus,ZenWatch 3,Android Wear,"Bluetooth, Wi-Fi",AMOLED,1.39,400 x 400,50,2,Yes,Yes,No,$229 ,4/13/2016,0,0,0,0,0,0,0,0,0,0,0,1440,1981
Mobvoi,TicWatch Pro 3,Wear OS,"Bluetooth, Wi-Fi",AMOLED,1.4,454 x 454,50,3,Yes,Yes,Yes,$299 ,4/14/2016,108,0.079999998,0.079999998,0,0,0,0.029999999,0,0,0,3,1437,2011
Skagen,Falster 2,Wear OS,"Bluetooth, Wi-Fi",AMOLED,1.19,390 x 390,30,1,Yes,Yes,Yes,$295 ,4/15/2016,1882,1.350000024,1.350000024,0,0.209999993,0.360000014,0.769999981,0,36,18,87,1299,2951
Nokia,Steel HR,Proprietary OS,Bluetooth,PMOLED,1.1,126 x 36,50,25,Yes,No,Yes,$179 ,4/16/2016,1982,1.419999957,1.419999957,0,0.449999988,0.370000005,0.589999974,0,65,21,55,1222,3051
Misfit,Vapor X,Wear OS,"Bluetooth, Wi-Fi",AMOLED,1.19,328 x 328,30,2,Yes,Yes,Yes,$279 ,4/17/2016,16,0.01,0.01,0,0,0,0.01,0,0,0,2,1438,1990
Kate Spade,Scallop 2,Wear OS,"Bluetooth, Wi-Fi",AMOLED,1.19,390 x 390,30,1,Yes,Yes,Yes,$295 ,4/18/2016,62,0.039999999,0.039999999,0,0,0,0.039999999,0,0,0,2,1438,1995
Diesel,On Full Guard 2.5,Wear OS,"Bluetooth, Wi-Fi",AMOLED,1.39,454 x 454,50,1,Yes,Yes,Yes,$325 ,4/19/2016,0,0,0,0,0,0,0,0,0,0,0,1440,1980
Matrix,PowerWatch 2,Proprietary OS,Bluetooth,LCD,1.2,228 x 172,200,Unlimited,Yes,Yes,No,$499 ,4/20/2016,0,0,0,0,0,0,0,0,0,0,0,1440,1980
TicWatch,C2,Wear OS,"Bluetooth, Wi-Fi",AMOLED,1.3,360 x 360,50,1,Yes,Yes,Yes,$199 ,4/21/2016,0,0,0,0,0,0,0,0,0,0,0,1440,1980
Mobvoi,TicWatch S2,Wear OS,"Bluetooth, Wi-Fi",AMOLED,1.39,400 x 400,50,2,Yes,Yes,Yes,$179 ,4/22/2016,0,0,0,0,0,0,0,0,0,0,0,1440,1980
Amazfit,GTR 2e,Amazfit OS,"Bluetooth, Wi-Fi",AMOLED,1.39,454 x 454,50,24,Yes,Yes,Yes,$139 ,4/23/2016,0,0,0,0,0,0,0,0,0,0,0,1440,1980
Apple,Watch Series 6,watchOS,"Bluetooth, Wi-Fi, Cellular",Retina,1.78,368 x 448,50,18,Yes,Yes,Yes,$399 ,4/24/2016,0,0,0,0,0,0,0,0,0,0,0,1440,1980
Fitbit,Ionic,Fitbit OS,"Bluetooth, Wi-Fi",LCD,1.42,348 x 250,50,4,Yes,Yes,Yes,$249 ,4/25/2016,0,0,0,0,0,0,0,0,0,0,0,1440,1980
Garmin,Enduro,Garmin OS,"Bluetooth, Wi-Fi",Transflective,1.4,280 x 280,100,70,Yes,Yes,Yes,$799 ,4/26/2016,0,0,0,0,0,0,0,0,0,0,0,1440,1980
Huawei,Watch GT 2 Pro,Lite OS,"Bluetooth, Wi-Fi",AMOLED,1.39,454 x 454,50,14,Yes,Yes,Yes,$299 ,4/27/2016,0,0,0,0,0,0,0,0,0,0,0,1440,1980
Oppo,Watch 2 ECG Edition,ColorOS,"Bluetooth, Wi-Fi, Cellular",AMOLED,1.75,372 x 430,50,16,Yes,Yes,Yes,$299 ,4/28/2016,0,0,0,0,0,0,0,0,0,0,0,1440,1980
Suunto,9 Peak,Suunto OS,"Bluetooth, Wi-Fi",Transflective,1.2,320 x 300,100,14,Yes,Yes,No,$499 ,4/29/2016,0,0,0,0,0,0,0,0,0,0,0,1440,1980
TicWatch,E3,Wear OS,"Bluetooth, Wi-Fi",LCD,1.3,360 x 360,50,3,Yes,Yes,Yes,$199 ,4/30/2016,0,0,0,0,0,0,0,0,0,0,0,1440,1980
Fossil,Sport,Wear OS,"Bluetooth, Wi-Fi",AMOLED,1.2,390 x 390,50,24,Yes,Yes,Yes,$299 ,01-05-2016,0,0,0,0,0,0,0,0,0,0,0,1440,1980
Samsung,Gear S3 Frontier,Tizen OS,"Bluetooth, Wi-Fi",Super AMOLED,1.3,360 x 360,50,3,Yes,Yes,Yes,$299 ,02-05-2016,475,0.340000004,0.340000004,0,0,0.039999999,0.289999992,0,0,11,31,1350,2207
Amazfit,GTR 2,Amazfit OS,"Bluetooth, Wi-Fi",AMOLED,1.39,454 x 454,50,14,Yes,Yes,Yes,$179 ,03-05-2016,4496,3.220000029,3.220000029,0,0,0,3.150000095,0.050000001,0,0,174,950,2828
Garmin,Venu Sq,Garmin OS,"Bluetooth, Wi-Fi",LCD,1.3,240 x 240,50,6,Yes,Yes,Yes,$179 ,04-05-2016,10252,7.349999905,7.349999905,0,0.670000017,1.039999962,5.579999924,0,13,46,346,531,3879
Xiaomi,Mi Watch Revolve,Proprietary OS,"Bluetooth, Wi-Fi",AMOLED,1.39,454 x 454,50,14,Yes,Yes,Yes,$119 ,05-05-2016,11728,8.430000305,8.430000305,0,2.619999886,1.679999948,4.039999962,0.07,38,42,196,916,3429
Skagen,Falster 3,Wear OS,"Bluetooth, Wi-Fi",OLED,1.3,328 x 328,30,24,Yes,Yes,Yes,$295 ,06-05-2016,4369,3.130000114,3.130000114,0,0,0,3.099999905,0.01,0,0,177,855,2704
Michael Kors,Access Bradshaw 2,Wear OS,"Bluetooth, Wi-Fi",AMOLED,1.28,416 x 416,30,2,Yes,Yes,Yes,$350 ,07-05-2016,6132,4.400000095,4.400000095,0,0,0,3.579999924,0,0,0,184,1256,2975
Casio,G-Shock GSW-H1000,Wear OS,"Bluetooth, Wi-Fi",LCD,1.2,360 x 360,200,1,Yes,Yes,No,$699 ,08-05-2016,5862,4.199999809,4.199999809,0,0,0,4.150000095,0,0,0,263,775,3089
Mobvoi,TicWatch E3,Wear OS,"Bluetooth, Wi-Fi",IPS LCD,1.3,360 x 360,50,3,Yes,Yes,Yes,$199 ,09-05-2016,4556,3.269999981,3.269999981,0,0.200000003,0.119999997,2.940000057,0,3,5,173,1225,2785
Withings,ScanWatch,Withings OS,"Bluetooth, Wi-Fi",PMOLED,1.38,348 x 442,50,30,Yes,No,Yes,$279 ,10-05-2016,5546,3.980000019,3.980000019,0,0,0,3.869999886,0.039999999,0,0,206,774,2926
Zepp,Z,Zepp OS,"Bluetooth, Wi-Fi, Cellular",AMOLED,1.39,454 x 454,50,15,Yes,Yes,Yes,$349 ,11-05-2016,3689,2.650000095,2.650000095,0,0.109999999,0.170000002,2.329999924,0,2,8,134,1296,2645
Honor,Watch GS Pro,Lite OS,"Bluetooth, Wi-Fi",AMOLED,1.39,454 x 454,50,25,Yes,Yes,Yes,$249 ,12-05-2016,590,0.419999987,0.419999987,0,0,0,0.409999996,0,0,0,21,721,1120
Oppo,Watch Free,ColorOS,"Bluetooth, Wi-Fi",AMOLED,1.64,326 x 326,50,14,Yes,No,Yes,$159 ,12-04-2016,5394,4.03000021,4.03000021,0,0,0,3.940000057,0,0,0,164,1276,2286
TicWatch,Pro 3,Wear OS,"Bluetooth, Wi-Fi, Cellular",AMOLED,1.4,454 x 454,50,72,Yes,Yes,Yes,$299 ,4/13/2016,5974,4.46999979,4.46999979,0,0,0,4.369999886,0,0,0,160,1280,2306
